tag,step,wall_time,value
test_acc,1,1764979627.5364075,17.889999389648438
test_acc,2,1764979658.4418743,23.40999984741211
test_acc,3,1764979689.4392939,33.40999984741211
test_acc,4,1764979720.3082066,36.06999969482422
test_acc,5,1764979751.288143,44.0099983215332
test_acc,6,1764979782.3060052,48.02000045776367
test_acc,7,1764979813.2298985,49.38999938964844
test_acc,8,1764979844.1053925,52.68000030517578
test_acc,9,1764979875.0523682,50.279998779296875
test_acc,10,1764979906.2594934,49.66999816894531
test_acc,11,1764979937.3461614,48.099998474121094
test_acc,12,1764979968.3411546,56.689998626708984
test_acc,13,1764979999.3126173,55.75
test_acc,14,1764980030.2584605,54.97999954223633
test_acc,15,1764980061.137932,58.28999710083008
test_acc,16,1764980092.1452782,57.769996643066406
test_acc,17,1764980123.1196659,56.5
test_acc,18,1764980154.0039265,60.43000030517578
test_acc,19,1764980184.9230895,60.279998779296875
test_acc,20,1764980215.8520494,56.39999771118164
test_acc,21,1764980246.8281074,61.529998779296875
test_acc,22,1764980277.9396849,57.48999786376953
test_acc,23,1764980308.9101167,59.97999954223633
test_acc,24,1764980339.921528,60.18000030517578
test_acc,25,1764980370.9291582,56.97999954223633
test_acc,26,1764980401.9266062,61.25
test_acc,27,1764980432.7841086,46.119998931884766
test_acc,28,1764980463.8081548,59.279998779296875
test_acc,29,1764980494.6737223,58.369998931884766
test_acc,30,1764980525.5889876,58.23999786376953
test_acc,31,1764980556.4612725,59.5
test_acc,32,1764980587.4223282,62.09000015258789
test_acc,33,1764980618.3440638,58.5
test_acc,34,1764980649.2180774,59.2599983215332
test_acc,35,1764980680.154627,59.93000030517578
test_acc,36,1764980711.1561828,62.0099983215332
test_acc,37,1764980742.0815163,54.47999954223633
test_acc,38,1764980772.9433413,58.53999710083008
test_acc,39,1764980803.856823,60.12999725341797
test_acc,40,1764980834.7575328,59.19999694824219
test_acc,41,1764980865.695996,60.38999938964844
test_acc,42,1764980896.5600781,59.09000015258789
test_acc,43,1764980927.5114992,58.56999969482422
test_acc,44,1764980958.4506946,59.47999954223633
test_acc,45,1764980989.324657,57.869998931884766
test_acc,46,1764981020.2635257,57.29999923706055
test_acc,47,1764981051.0878205,61.81999969482422
test_acc,48,1764981082.1253617,59.79999923706055
test_acc,49,1764981112.97,62.23999786376953
test_acc,50,1764981143.911255,58.65999984741211
test_acc,51,1764981174.9669669,59.849998474121094
test_acc,52,1764981205.869238,60.18000030517578
test_acc,53,1764981236.7423794,60.709999084472656
test_acc,54,1764981267.6197083,59.96999740600586
test_acc,55,1764981298.5304954,57.71999740600586
test_acc,56,1764981329.4096444,59.64999771118164
test_acc,57,1764981360.3687685,59.31999969482422
test_acc,58,1764981391.3802786,59.43000030517578
test_acc,59,1764981422.285147,60.269996643066406
test_acc,60,1764981453.1450965,61.34000015258789
test_acc,61,1764981484.1499484,59.82999801635742
test_acc,62,1764981515.0672355,59.84000015258789
test_acc,63,1764981545.9220386,56.939998626708984
test_acc,64,1764981576.918102,60.7599983215332
test_acc,65,1764981607.83432,58.56999969482422
test_acc,66,1764981638.8661668,60.28999710083008
test_acc,67,1764981669.7836041,58.03999710083008
test_acc,68,1764981700.7570078,59.099998474121094
test_acc,69,1764981731.6383257,57.22999954223633
test_acc,70,1764981762.5819805,54.30999755859375
test_acc,71,1764981793.5342813,56.30999755859375
test_acc,72,1764981824.5322955,58.87999725341797
test_acc,73,1764981855.4170163,61.099998474121094
test_acc,74,1764981886.4422271,61.79999923706055
test_acc,75,1764981917.4534762,58.38999938964844
test_acc,76,1764981948.4077313,59.46999740600586
test_acc,77,1764981979.3968518,62.209999084472656
test_acc,78,1764982010.355794,55.46999740600586
test_acc,79,1764982041.3328676,60.15999984741211
test_acc,80,1764982072.3419728,57.1099967956543
test_acc,81,1764982103.1965537,59.44999694824219
test_acc,82,1764982134.098541,59.369998931884766
test_acc,83,1764982165.0483215,60.09000015258789
test_acc,84,1764982195.9894745,55.32999801635742
test_acc,85,1764982226.817727,57.55999755859375
test_acc,86,1764982257.7002685,62.019996643066406
test_acc,87,1764982288.6569188,61.53999710083008
test_acc,88,1764982319.5893643,60.34000015258789
test_acc,89,1764982350.4676535,62.97999954223633
test_acc,90,1764982381.4264126,59.15999984741211
test_acc,91,1764982412.3227012,58.40999984741211
test_acc,92,1764982443.2719092,59.2599983215332
test_acc,93,1764982474.1986759,58.619998931884766
test_acc,94,1764982505.147501,62.849998474121094
test_acc,95,1764982536.1477528,56.689998626708984
test_acc,96,1764982567.1163485,62.3599967956543
test_acc,97,1764982598.1209507,61.119998931884766
test_acc,98,1764982629.0084114,56.72999954223633
test_acc,99,1764982660.0481517,59.21999740600586
test_acc,100,1764982691.069272,59.38999938964844
test_acc,101,1764982721.9942617,58.28999710083008
test_acc,102,1764982752.9567778,59.029998779296875
test_acc,103,1764982783.8631725,61.959999084472656
test_acc,104,1764982814.8372915,62.15999984741211
test_acc,105,1764982845.7367473,63.22999954223633
test_acc,106,1764982876.733045,58.06999969482422
test_acc,107,1764982907.6481168,63.529998779296875
test_acc,108,1764982938.6320105,55.439998626708984
test_acc,109,1764982969.6074789,61.16999816894531
test_acc,110,1764983000.4935706,61.5
test_acc,111,1764983031.4903514,60.23999786376953
test_acc,112,1764983062.5090497,60.15999984741211
test_acc,113,1764983093.4770613,61.769996643066406
test_acc,114,1764983124.398832,60.6099967956543
test_acc,115,1764983155.3222718,61.23999786376953
test_acc,116,1764983186.2562256,60.459999084472656
test_acc,117,1764983217.23897,63.29999923706055
test_acc,118,1764983248.358685,60.66999816894531
test_acc,119,1764983279.4283092,59.55999755859375
test_acc,120,1764983310.4433427,60.22999954223633
test_acc,121,1764983341.448851,60.63999938964844
test_acc,122,1764983372.3554566,60.75
test_acc,123,1764983403.304626,60.7599983215332
test_acc,124,1764983434.2053254,62.1099967956543
test_acc,125,1764983465.335051,61.40999984741211
test_acc,126,1764983496.3405523,59.7599983215332
test_acc,127,1764983527.8640573,59.98999786376953
test_acc,128,1764983558.9661002,57.13999938964844
test_acc,129,1764983589.8878384,59.6099967956543
test_acc,130,1764983620.8242915,60.71999740600586
test_acc,131,1764983651.7940128,59.65999984741211
test_acc,132,1764983682.742877,60.40999984741211
test_acc,133,1764983713.7767878,61.03999710083008
test_acc,134,1764983744.7517054,60.269996643066406
test_acc,135,1764983775.8817215,62.2599983215332
test_acc,136,1764983806.8139353,61.88999938964844
test_acc,137,1764983837.8234031,59.689998626708984
test_acc,138,1764983868.720289,61.78999710083008
test_acc,139,1764983899.60737,60.959999084472656
test_acc,140,1764983930.562515,62.6099967956543
test_acc,141,1764983961.4897354,57.779998779296875
test_acc,142,1764983992.4062011,62.369998931884766
test_acc,143,1764984023.4978764,55.90999984741211
test_acc,144,1764984054.387131,60.5
test_acc,145,1764984085.4764817,60.619998931884766
test_acc,146,1764984116.4281816,60.529998779296875
test_acc,147,1764984147.4118426,62.19999694824219
test_acc,148,1764984178.3140845,57.849998474121094
test_acc,149,1764984209.3594017,61.82999801635742
test_acc,150,1764984240.2179823,55.849998474121094
test_acc,151,1764984271.2179203,72.11000061035156
test_acc,152,1764984302.223244,72.93000030517578
test_acc,153,1764984333.287928,73.18999481201172
test_acc,154,1764984364.1822846,73.25
test_acc,155,1764984395.1182957,73.06999969482422
test_acc,156,1764984426.0587,73.97000122070312
test_acc,157,1764984457.0977457,73.98999786376953
test_acc,158,1764984488.0772874,73.98999786376953
test_acc,159,1764984519.0080533,74.02999877929688
test_acc,160,1764984549.9725592,74.02999877929688
test_acc,161,1764984580.993587,73.81999969482422
test_acc,162,1764984611.933205,73.65999603271484
test_acc,163,1764984642.8900816,74.05999755859375
test_acc,164,1764984673.8522317,73.83999633789062
test_acc,165,1764984704.7100205,73.93999481201172
test_acc,166,1764984735.6284602,73.44999694824219
test_acc,167,1764984766.5520492,73.3499984741211
test_acc,168,1764984797.5078778,73.54000091552734
test_acc,169,1764984828.408128,73.43000030517578
test_acc,170,1764984859.463395,73.29000091552734
test_acc,171,1764984890.3435898,73.72999572753906
test_acc,172,1764984921.236517,73.00999450683594
test_acc,173,1764984952.2064126,73.41999816894531
test_acc,174,1764984983.1489234,73.8499984741211
test_acc,175,1764985014.1040807,72.91999816894531
test_acc,176,1764985045.0578082,73.19999694824219
test_acc,177,1764985076.0962286,73.19999694824219
test_acc,178,1764985107.060009,73.27999877929688
test_acc,179,1764985137.9597747,72.20999908447266
test_acc,180,1764985168.8885612,73.33000183105469
test_acc,181,1764985199.8180194,75.04000091552734
test_acc,182,1764985230.8959742,75.0
test_acc,183,1764985261.9140232,74.98999786376953
test_acc,184,1764985293.0020661,75.11000061035156
test_acc,185,1764985323.9523847,74.95999908447266
test_acc,186,1764985354.8417268,75.02999877929688
test_acc,187,1764985385.917216,74.70999908447266
test_acc,188,1764985416.826025,75.0999984741211
test_acc,189,1764985447.9500277,74.97000122070312
test_acc,190,1764985478.9256613,75.12999725341797
test_acc,191,1764985509.8806274,75.16999816894531
test_acc,192,1764985540.819865,74.91999816894531
test_acc,193,1764985571.9112766,74.88999938964844
test_acc,194,1764985602.8363369,75.05999755859375
test_acc,195,1764985633.775935,75.05999755859375
test_acc,196,1764985664.670967,75.1199951171875
test_acc,197,1764985695.538954,75.08000183105469
test_acc,198,1764985726.5357368,75.11000061035156
test_acc,199,1764985757.4217033,75.06999969482422
test_acc,200,1764985788.3881674,74.86000061035156
test_acc,201,1764985819.4098747,74.83999633789062
test_acc,202,1764985850.3107674,74.69999694824219
test_acc,203,1764985881.2375166,74.90999603271484
test_acc,204,1764985912.0870118,74.88999938964844
test_acc,205,1764985943.028987,74.98999786376953
test_acc,206,1764985973.9452305,74.81999969482422
test_acc,207,1764986004.8401663,74.6500015258789
test_acc,208,1764986035.8008528,74.86000061035156
test_acc,209,1764986066.6164725,75.22000122070312
test_acc,210,1764986097.5149083,74.69999694824219
test_acc,211,1764986128.4377978,74.83000183105469
test_acc,212,1764986159.303317,74.9000015258789
test_acc,213,1764986190.189902,74.66999816894531
test_acc,214,1764986221.0383713,74.90999603271484
test_acc,215,1764986251.9267004,75.02999877929688
test_acc,216,1764986282.85237,75.02999877929688
test_acc,217,1764986313.763847,75.0999984741211
test_acc,218,1764986344.726,74.90999603271484
test_acc,219,1764986375.6827788,75.11000061035156
test_acc,220,1764986406.6119883,75.0999984741211
test_acc,221,1764986437.612684,74.91999816894531
test_acc,222,1764986468.5485823,75.0199966430664
test_acc,223,1764986499.5134518,74.98999786376953
test_acc,224,1764986530.4177675,74.90999603271484
test_acc,225,1764986561.364616,74.79999542236328
test_acc,226,1764986592.301736,74.83000183105469
test_acc,227,1764986623.37015,75.02999877929688
test_acc,228,1764986654.2474906,75.05999755859375
test_acc,229,1764986685.1521685,74.93999481201172
test_acc,230,1764986716.1213248,75.0
test_acc,231,1764986747.1071124,74.75999450683594
test_acc,232,1764986778.0945537,75.0199966430664
test_acc,233,1764986808.960842,74.93999481201172
test_acc,234,1764986839.8302982,75.13999938964844
test_acc,235,1764986870.7062917,74.93000030517578
test_acc,236,1764986901.6770854,75.04000091552734
test_acc,237,1764986932.625368,75.00999450683594
test_acc,238,1764986963.5776474,74.88999938964844
test_acc,239,1764986994.512786,75.12999725341797
test_acc,240,1764987025.3826594,74.79999542236328
test_acc_top5,1,1764979627.5366735,44.47999954223633
test_acc_top5,2,1764979658.4420757,53.369998931884766
test_acc_top5,3,1764979689.4395423,67.0999984741211
test_acc_top5,4,1764979720.308413,68.97000122070312
test_acc_top5,5,1764979751.2883549,77.11000061035156
test_acc_top5,6,1764979782.3062153,79.16999816894531
test_acc_top5,7,1764979813.230108,80.50999450683594
test_acc_top5,8,1764979844.105665,82.97000122070312
test_acc_top5,9,1764979875.052614,80.22999572753906
test_acc_top5,10,1764979906.2597094,80.54000091552734
test_acc_top5,11,1764979937.3463578,79.29999542236328
test_acc_top5,12,1764979968.341357,84.93000030517578
test_acc_top5,13,1764979999.3128235,83.55999755859375
test_acc_top5,14,1764980030.2586527,84.3499984741211
test_acc_top5,15,1764980061.138134,85.65999603271484
test_acc_top5,16,1764980092.1455395,85.29000091552734
test_acc_top5,17,1764980123.119864,85.22000122070312
test_acc_top5,18,1764980154.0041325,86.30999755859375
test_acc_top5,19,1764980184.9232962,87.5999984741211
test_acc_top5,20,1764980215.8522508,84.90999603271484
test_acc_top5,21,1764980246.8283076,87.87999725341797
test_acc_top5,22,1764980277.9398806,85.5199966430664
test_acc_top5,23,1764980308.9103208,86.32999420166016
test_acc_top5,24,1764980339.9217265,87.16999816894531
test_acc_top5,25,1764980370.9293811,84.16999816894531
test_acc_top5,26,1764980401.9268038,87.47999572753906
test_acc_top5,27,1764980432.7843158,77.75999450683594
test_acc_top5,28,1764980463.8083565,86.19999694824219
test_acc_top5,29,1764980494.673922,85.79999542236328
test_acc_top5,30,1764980525.5891838,85.38999938964844
test_acc_top5,31,1764980556.4615016,85.83999633789062
test_acc_top5,32,1764980587.4225833,87.58999633789062
test_acc_top5,33,1764980618.344295,85.80999755859375
test_acc_top5,34,1764980649.21832,86.77999877929688
test_acc_top5,35,1764980680.1548288,87.25
test_acc_top5,36,1764980711.1563911,88.04999542236328
test_acc_top5,37,1764980742.081723,82.33999633789062
test_acc_top5,38,1764980772.9436083,85.41999816894531
test_acc_top5,39,1764980803.8570137,86.95999908447266
test_acc_top5,40,1764980834.7577336,85.29999542236328
test_acc_top5,41,1764980865.6962008,87.1199951171875
test_acc_top5,42,1764980896.560319,86.3699951171875
test_acc_top5,43,1764980927.5117326,87.04000091552734
test_acc_top5,44,1764980958.450891,87.22999572753906
test_acc_top5,45,1764980989.3248572,85.6199951171875
test_acc_top5,46,1764981020.263722,84.7699966430664
test_acc_top5,47,1764981051.0880225,87.93999481201172
test_acc_top5,48,1764981082.12563,87.15999603271484
test_acc_top5,49,1764981112.9702022,88.25
test_acc_top5,50,1764981143.911507,85.54999542236328
test_acc_top5,51,1764981174.9671874,86.41999816894531
test_acc_top5,52,1764981205.869474,86.33999633789062
test_acc_top5,53,1764981236.742635,87.72999572753906
test_acc_top5,54,1764981267.61992,86.97999572753906
test_acc_top5,55,1764981298.5306969,84.79999542236328
test_acc_top5,56,1764981329.409865,85.81999969482422
test_acc_top5,57,1764981360.3689854,86.66999816894531
test_acc_top5,58,1764981391.3805413,86.6500015258789
test_acc_top5,59,1764981422.2853458,86.22999572753906
test_acc_top5,60,1764981453.1452982,87.27999877929688
test_acc_top5,61,1764981484.1502104,86.65999603271484
test_acc_top5,62,1764981515.067471,86.97999572753906
test_acc_top5,63,1764981545.9222443,84.02999877929688
test_acc_top5,64,1764981576.9183037,87.31999969482422
test_acc_top5,65,1764981607.834572,86.16999816894531
test_acc_top5,66,1764981638.8663633,87.44999694824219
test_acc_top5,67,1764981669.783804,85.12999725341797
test_acc_top5,68,1764981700.7572029,86.1500015258789
test_acc_top5,69,1764981731.6386309,84.6199951171875
test_acc_top5,70,1764981762.582186,81.5
test_acc_top5,71,1764981793.5345232,83.04000091552734
test_acc_top5,72,1764981824.5325215,85.8699951171875
test_acc_top5,73,1764981855.4172368,86.29999542236328
test_acc_top5,74,1764981886.4425209,87.75
test_acc_top5,75,1764981917.4537165,85.30999755859375
test_acc_top5,76,1764981948.4079533,87.00999450683594
test_acc_top5,77,1764981979.3970525,87.80999755859375
test_acc_top5,78,1764982010.3560407,83.66999816894531
test_acc_top5,79,1764982041.3330743,87.70999908447266
test_acc_top5,80,1764982072.3421686,85.73999786376953
test_acc_top5,81,1764982103.196767,87.25
test_acc_top5,82,1764982134.0987468,86.38999938964844
test_acc_top5,83,1764982165.048551,87.18000030517578
test_acc_top5,84,1764982195.989677,82.40999603271484
test_acc_top5,85,1764982226.8179238,85.41999816894531
test_acc_top5,86,1764982257.7005239,88.04999542236328
test_acc_top5,87,1764982288.6571186,87.87999725341797
test_acc_top5,88,1764982319.589644,87.3499984741211
test_acc_top5,89,1764982350.4678607,88.91999816894531
test_acc_top5,90,1764982381.4266467,85.33999633789062
test_acc_top5,91,1764982412.322898,86.70999908447266
test_acc_top5,92,1764982443.272109,86.2699966430664
test_acc_top5,93,1764982474.198873,86.1500015258789
test_acc_top5,94,1764982505.14774,88.3499984741211
test_acc_top5,95,1764982536.1479452,84.77999877929688
test_acc_top5,96,1764982567.116606,88.43999481201172
test_acc_top5,97,1764982598.1211543,87.6500015258789
test_acc_top5,98,1764982629.0086858,83.61000061035156
test_acc_top5,99,1764982660.0483484,85.81999969482422
test_acc_top5,100,1764982691.0695157,86.25999450683594
test_acc_top5,101,1764982721.9944804,86.1500015258789
test_acc_top5,102,1764982752.9569728,85.81999969482422
test_acc_top5,103,1764982783.8634095,87.9000015258789
test_acc_top5,104,1764982814.8375158,88.12999725341797
test_acc_top5,105,1764982845.7369888,88.54999542236328
test_acc_top5,106,1764982876.7332954,84.86000061035156
test_acc_top5,107,1764982907.6483095,88.47000122070312
test_acc_top5,108,1764982938.632209,83.08999633789062
test_acc_top5,109,1764982969.6076782,87.29999542236328
test_acc_top5,110,1764983000.4937694,87.43999481201172
test_acc_top5,111,1764983031.4906037,87.0999984741211
test_acc_top5,112,1764983062.5092514,87.15999603271484
test_acc_top5,113,1764983093.4772918,87.79000091552734
test_acc_top5,114,1764983124.3990335,87.27999877929688
test_acc_top5,115,1764983155.3225803,86.75999450683594
test_acc_top5,116,1764983186.2564688,87.05999755859375
test_acc_top5,117,1764983217.2391753,88.00999450683594
test_acc_top5,118,1764983248.3588848,87.5199966430664
test_acc_top5,119,1764983279.428533,86.56999969482422
test_acc_top5,120,1764983310.4436069,86.63999938964844
test_acc_top5,121,1764983341.4490526,86.61000061035156
test_acc_top5,122,1764983372.3556812,87.69999694824219
test_acc_top5,123,1764983403.3048298,86.66999816894531
test_acc_top5,124,1764983434.2055838,88.43000030517578
test_acc_top5,125,1764983465.3352866,87.33999633789062
test_acc_top5,126,1764983496.3407612,86.47999572753906
test_acc_top5,127,1764983527.8642647,86.0199966430664
test_acc_top5,128,1764983558.9663122,84.6500015258789
test_acc_top5,129,1764983589.8880334,85.75999450683594
test_acc_top5,130,1764983620.8245156,87.20999908447266
test_acc_top5,131,1764983651.7942057,85.97999572753906
test_acc_top5,132,1764983682.74308,86.82999420166016
test_acc_top5,133,1764983713.776992,87.38999938964844
test_acc_top5,134,1764983744.7519107,86.62999725341797
test_acc_top5,135,1764983775.8819177,87.75999450683594
test_acc_top5,136,1764983806.814176,88.00999450683594
test_acc_top5,137,1764983837.823656,86.81999969482422
test_acc_top5,138,1764983868.7205129,87.9000015258789
test_acc_top5,139,1764983899.6076167,87.13999938964844
test_acc_top5,140,1764983930.562722,88.56999969482422
test_acc_top5,141,1764983961.489926,84.40999603271484
test_acc_top5,142,1764983992.406395,87.81999969482422
test_acc_top5,143,1764984023.49811,83.97999572753906
test_acc_top5,144,1764984054.387341,87.25
test_acc_top5,145,1764984085.476679,87.94999694824219
test_acc_top5,146,1764984116.428385,86.2699966430664
test_acc_top5,147,1764984147.4120612,88.0999984741211
test_acc_top5,148,1764984178.3142834,84.6199951171875
test_acc_top5,149,1764984209.3597538,88.1500015258789
test_acc_top5,150,1764984240.2181852,84.58999633789062
test_acc_top5,151,1764984271.2181277,93.13999938964844
test_acc_top5,152,1764984302.2235026,93.3499984741211
test_acc_top5,153,1764984333.2881336,93.36000061035156
test_acc_top5,154,1764984364.182513,93.33999633789062
test_acc_top5,155,1764984395.1185179,93.12999725341797
test_acc_top5,156,1764984426.0589514,93.55999755859375
test_acc_top5,157,1764984457.0979435,93.5
test_acc_top5,158,1764984488.0775297,93.82999420166016
test_acc_top5,159,1764984519.0082514,93.58999633789062
test_acc_top5,160,1764984549.9727483,93.56999969482422
test_acc_top5,161,1764984580.9937863,93.65999603271484
test_acc_top5,162,1764984611.9334092,93.14999389648438
test_acc_top5,163,1764984642.8902776,93.68000030517578
test_acc_top5,164,1764984673.8525112,93.48999786376953
test_acc_top5,165,1764984704.7102125,93.52999877929688
test_acc_top5,166,1764984735.6286566,93.39999389648438
test_acc_top5,167,1764984766.5522423,93.36000061035156
test_acc_top5,168,1764984797.5080738,93.50999450683594
test_acc_top5,169,1764984828.4083357,93.40999603271484
test_acc_top5,170,1764984859.4636455,93.08999633789062
test_acc_top5,171,1764984890.3438137,93.54999542236328
test_acc_top5,172,1764984921.2367098,93.29000091552734
test_acc_top5,173,1764984952.2067115,93.04000091552734
test_acc_top5,174,1764984983.1491137,93.47000122070312
test_acc_top5,175,1764985014.1042833,92.97000122070312
test_acc_top5,176,1764985045.0580108,93.40999603271484
test_acc_top5,177,1764985076.0964854,93.12999725341797
test_acc_top5,178,1764985107.0602074,93.36000061035156
test_acc_top5,179,1764985137.9599795,93.08999633789062
test_acc_top5,180,1764985168.8887613,93.22000122070312
test_acc_top5,181,1764985199.8182468,93.90999603271484
test_acc_top5,182,1764985230.896169,93.83999633789062
test_acc_top5,183,1764985261.914267,94.05999755859375
test_acc_top5,184,1764985293.002274,94.0199966430664
test_acc_top5,185,1764985323.9526196,94.04999542236328
test_acc_top5,186,1764985354.8419235,94.0
test_acc_top5,187,1764985385.9174135,94.19999694824219
test_acc_top5,188,1764985416.8262944,93.95999908447266
test_acc_top5,189,1764985447.9502938,93.97999572753906
test_acc_top5,190,1764985478.9259472,93.90999603271484
test_acc_top5,191,1764985509.8808277,94.04999542236328
test_acc_top5,192,1764985540.8201063,94.06999969482422
test_acc_top5,193,1764985571.9115255,94.22999572753906
test_acc_top5,194,1764985602.8365679,94.18000030517578
test_acc_top5,195,1764985633.776137,94.22000122070312
test_acc_top5,196,1764985664.6711724,94.04000091552734
test_acc_top5,197,1764985695.5391505,93.98999786376953
test_acc_top5,198,1764985726.5359397,94.04000091552734
test_acc_top5,199,1764985757.4219131,94.06999969482422
test_acc_top5,200,1764985788.3884072,93.8699951171875
test_acc_top5,201,1764985819.4101498,93.97999572753906
test_acc_top5,202,1764985850.31097,93.90999603271484
test_acc_top5,203,1764985881.23772,94.05999755859375
test_acc_top5,204,1764985912.087235,93.93000030517578
test_acc_top5,205,1764985943.0291798,93.87999725341797
test_acc_top5,206,1764985973.9454584,94.13999938964844
test_acc_top5,207,1764986004.8404057,93.97999572753906
test_acc_top5,208,1764986035.8010437,93.91999816894531
test_acc_top5,209,1764986066.6166701,93.95999908447266
test_acc_top5,210,1764986097.5151248,94.00999450683594
test_acc_top5,211,1764986128.4379976,94.02999877929688
test_acc_top5,212,1764986159.303579,93.95999908447266
test_acc_top5,213,1764986190.1900954,94.1199951171875
test_acc_top5,214,1764986221.038629,94.07999420166016
test_acc_top5,215,1764986251.9269066,94.1199951171875
test_acc_top5,216,1764986282.8526113,94.0999984741211
test_acc_top5,217,1764986313.7640798,94.00999450683594
test_acc_top5,218,1764986344.7261958,93.93000030517578
test_acc_top5,219,1764986375.6829746,94.00999450683594
test_acc_top5,220,1764986406.6121757,93.91999816894531
test_acc_top5,221,1764986437.612889,94.00999450683594
test_acc_top5,222,1764986468.5487766,93.97000122070312
test_acc_top5,223,1764986499.513695,94.0
test_acc_top5,224,1764986530.4179602,94.0999984741211
test_acc_top5,225,1764986561.3648226,94.07999420166016
test_acc_top5,226,1764986592.3019333,93.98999786376953
test_acc_top5,227,1764986623.3703637,93.98999786376953
test_acc_top5,228,1764986654.247743,94.04999542236328
test_acc_top5,229,1764986685.1523721,94.04999542236328
test_acc_top5,230,1764986716.121509,93.97999572753906
test_acc_top5,231,1764986747.1073241,94.0
test_acc_top5,232,1764986778.0947845,94.11000061035156
test_acc_top5,233,1764986808.9610865,94.04999542236328
test_acc_top5,234,1764986839.8305247,94.0
test_acc_top5,235,1764986870.7065759,94.05999755859375
test_acc_top5,236,1764986901.677349,94.02999877929688
test_acc_top5,237,1764986932.6256044,93.97999572753906
test_acc_top5,238,1764986963.5779047,94.22000122070312
test_acc_top5,239,1764986994.5129778,94.0999984741211
test_acc_top5,240,1764987025.3828967,93.88999938964844
test_loss,1,1764979627.5365376,3.425759792327881
test_loss,2,1764979658.4419463,3.1133840084075928
test_loss,3,1764979689.4393651,2.541104555130005
test_loss,4,1764979720.3082757,2.5280611515045166
test_loss,5,1764979751.2882164,2.0888776779174805
test_loss,6,1764979782.3060775,1.9439407587051392
test_loss,7,1764979813.229968,1.8761515617370605
test_loss,8,1764979844.1055155,1.7175683975219727
test_loss,9,1764979875.0524719,1.8818020820617676
test_loss,10,1764979906.2595718,1.9051679372787476
test_loss,11,1764979937.3462324,2.0805256366729736
test_loss,12,1764979968.341226,1.5933834314346313
test_loss,13,1764979999.3126867,1.7031718492507935
test_loss,14,1764980030.2585318,1.659958839416504
test_loss,15,1764980061.1380012,1.505383014678955
test_loss,16,1764980092.1453578,1.5630820989608765
test_loss,17,1764980123.1197352,1.6128215789794922
test_loss,18,1764980154.0039983,1.4773881435394287
test_loss,19,1764980184.9231596,1.4245946407318115
test_loss,20,1764980215.8521209,1.6793906688690186
test_loss,21,1764980246.8281782,1.377160668373108
test_loss,22,1764980277.9397573,1.5724443197250366
test_loss,23,1764980308.910186,1.4695756435394287
test_loss,24,1764980339.921598,1.4359114170074463
test_loss,25,1764980370.9292295,1.6517277956008911
test_loss,26,1764980401.9266763,1.4459724426269531
test_loss,27,1764980432.7841802,2.35667085647583
test_loss,28,1764980463.808224,1.5092467069625854
test_loss,29,1764980494.6737933,1.6155363321304321
test_loss,30,1764980525.5890584,1.6038779020309448
test_loss,31,1764980556.4613445,1.4988397359848022
test_loss,32,1764980587.4223993,1.3838260173797607
test_loss,33,1764980618.34414,1.5410174131393433
test_loss,34,1764980649.2181535,1.500499963760376
test_loss,35,1764980680.1546981,1.4652799367904663
test_loss,36,1764980711.1562538,1.3780664205551147
test_loss,37,1764980742.0815861,1.7457035779953003
test_loss,38,1764980772.9434118,1.5582689046859741
test_loss,39,1764980803.8568926,1.4820107221603394
test_loss,40,1764980834.757602,1.6024097204208374
test_loss,41,1764980865.696066,1.4231687784194946
test_loss,42,1764980896.5601556,1.5716580152511597
test_loss,43,1764980927.5115788,1.6221288442611694
test_loss,44,1764980958.4507654,1.4728509187698364
test_loss,45,1764980989.3247263,1.6061395406723022
test_loss,46,1764981020.2635958,1.607301950454712
test_loss,47,1764981051.0878918,1.3956671953201294
test_loss,48,1764981082.1254947,1.4810203313827515
test_loss,49,1764981112.9700701,1.3863533735275269
test_loss,50,1764981143.9113257,1.5361844301223755
test_loss,51,1764981174.9670384,1.479248285293579
test_loss,52,1764981205.8693078,1.5072495937347412
test_loss,53,1764981236.7425027,1.4398900270462036
test_loss,54,1764981267.61978,1.505728006362915
test_loss,55,1764981298.5305684,1.626855492591858
test_loss,56,1764981329.4097192,1.5011839866638184
test_loss,57,1764981360.3688421,1.5151232481002808
test_loss,58,1764981391.3803484,1.5080890655517578
test_loss,59,1764981422.2852185,1.4827755689620972
test_loss,60,1764981453.145166,1.412460207939148
test_loss,61,1764981484.1500287,1.5597153902053833
test_loss,62,1764981515.0673046,1.4571856260299683
test_loss,63,1764981545.9221077,1.6905791759490967
test_loss,64,1764981576.9181747,1.491824984550476
test_loss,65,1764981607.8343906,1.568846344947815
test_loss,66,1764981638.8662379,1.4836395978927612
test_loss,67,1764981669.783675,1.5720734596252441
test_loss,68,1764981700.7570775,1.5228164196014404
test_loss,69,1764981731.6384027,1.6065640449523926
test_loss,70,1764981762.582052,1.8080191612243652
test_loss,71,1764981793.5343513,1.6799395084381104
test_loss,72,1764981824.5323687,1.5955493450164795
test_loss,73,1764981855.4170914,1.4760562181472778
test_loss,74,1764981886.442302,1.3937463760375977
test_loss,75,1764981917.4535532,1.5585805177688599
test_loss,76,1764981948.4078035,1.5076261758804321
test_loss,77,1764981979.3969195,1.3682199716567993
test_loss,78,1764982010.3558729,1.7513484954833984
test_loss,79,1764982041.3329368,1.4781708717346191
test_loss,80,1764982072.3420434,1.6242514848709106
test_loss,81,1764982103.196624,1.5033774375915527
test_loss,82,1764982134.0986116,1.5483055114746094
test_loss,83,1764982165.048394,1.482649803161621
test_loss,84,1764982195.9895458,1.7756489515304565
test_loss,85,1764982226.8177967,1.6609187126159668
test_loss,86,1764982257.7003388,1.378751516342163
test_loss,87,1764982288.6569884,1.3966678380966187
test_loss,88,1764982319.5894823,1.4616031646728516
test_loss,89,1764982350.4677248,1.3449997901916504
test_loss,90,1764982381.4265196,1.5816380977630615
test_loss,91,1764982412.32277,1.5525952577590942
test_loss,92,1764982443.27198,1.5706651210784912
test_loss,93,1764982474.1987453,1.613976240158081
test_loss,94,1764982505.1475894,1.3503488302230835
test_loss,95,1764982536.1478214,1.612661361694336
test_loss,96,1764982567.1164663,1.3725289106369019
test_loss,97,1764982598.12102,1.4286327362060547
test_loss,98,1764982629.008525,1.7436803579330444
test_loss,99,1764982660.0482223,1.543982744216919
test_loss,100,1764982691.0693443,1.6289875507354736
test_loss,101,1764982721.994332,1.5705450773239136
test_loss,102,1764982752.956847,1.5892032384872437
test_loss,103,1764982783.863252,1.4096615314483643
test_loss,104,1764982814.8373628,1.3854607343673706
test_loss,105,1764982845.7368252,1.359120488166809
test_loss,106,1764982876.7331252,1.6207960844039917
test_loss,107,1764982907.6481862,1.3262310028076172
test_loss,108,1764982938.6320803,1.8031667470932007
test_loss,109,1764982969.6075618,1.4467564821243286
test_loss,110,1764983000.4936411,1.4225554466247559
test_loss,111,1764983031.4904737,1.5003955364227295
test_loss,112,1764983062.5091276,1.5076606273651123
test_loss,113,1764983093.4771383,1.4111744165420532
test_loss,114,1764983124.3989031,1.4406095743179321
test_loss,115,1764983155.322347,1.4770886898040771
test_loss,116,1764983186.2562978,1.4391584396362305
test_loss,117,1764983217.2390409,1.3586033582687378
test_loss,118,1764983248.3587546,1.4451396465301514
test_loss,119,1764983279.428379,1.5195895433425903
test_loss,120,1764983310.4434118,1.4588710069656372
test_loss,121,1764983341.4489202,1.4795506000518799
test_loss,122,1764983372.3555434,1.4318410158157349
test_loss,123,1764983403.3046958,1.4684032201766968
test_loss,124,1764983434.2053962,1.3586896657943726
test_loss,125,1764983465.3351288,1.4483840465545654
test_loss,126,1764983496.3406217,1.5431098937988281
test_loss,127,1764983527.8641274,1.5250636339187622
test_loss,128,1764983558.9661715,1.631062388420105
test_loss,129,1764983589.8879094,1.577951431274414
test_loss,130,1764983620.8243601,1.4766827821731567
test_loss,131,1764983651.7940836,1.5035438537597656
test_loss,132,1764983682.7429466,1.4892208576202393
test_loss,133,1764983713.776858,1.4650381803512573
test_loss,134,1764983744.7517776,1.4851547479629517
test_loss,135,1764983775.8817904,1.4008142948150635
test_loss,136,1764983806.814012,1.3960479497909546
test_loss,137,1764983837.8235164,1.483696460723877
test_loss,138,1764983868.7203617,1.4111762046813965
test_loss,139,1764983899.6074703,1.4312578439712524
test_loss,140,1764983930.5625844,1.369904637336731
test_loss,141,1764983961.4898036,1.698864221572876
test_loss,142,1764983992.4062717,1.4018006324768066
test_loss,143,1764984023.4979527,1.7207088470458984
test_loss,144,1764984054.3872018,1.4573974609375
test_loss,145,1764984085.4765527,1.4353147745132446
test_loss,146,1764984116.428251,1.4976541996002197
test_loss,147,1764984147.411916,1.3875902891159058
test_loss,148,1764984178.3141534,1.6333520412445068
test_loss,149,1764984209.3595483,1.4231265783309937
test_loss,150,1764984240.2180505,1.6822608709335327
test_loss,151,1764984271.2179906,0.9687393307685852
test_loss,152,1764984302.2233238,0.9442424774169922
test_loss,153,1764984333.2879972,0.9342309236526489
test_loss,154,1764984364.1823528,0.937209963798523
test_loss,155,1764984395.1183646,0.9389417767524719
test_loss,156,1764984426.058789,0.9164236783981323
test_loss,157,1764984457.0978165,0.9124628305435181
test_loss,158,1764984488.0773573,0.906969428062439
test_loss,159,1764984519.008129,0.9192339181900024
test_loss,160,1764984549.9726262,0.9040812253952026
test_loss,161,1764984580.9936576,0.9187471270561218
test_loss,162,1764984611.9332776,0.9399460554122925
test_loss,163,1764984642.8901517,0.922485888004303
test_loss,164,1764984673.8523097,0.9239895939826965
test_loss,165,1764984704.7100897,0.9280532598495483
test_loss,166,1764984735.62853,0.9322781562805176
test_loss,167,1764984766.5521195,0.9328479766845703
test_loss,168,1764984797.507947,0.9398725628852844
test_loss,169,1764984828.4082012,0.9343117475509644
test_loss,170,1764984859.4635065,0.9509405493736267
test_loss,171,1764984890.3436627,0.9385986328125
test_loss,172,1764984921.2365868,0.9556682109832764
test_loss,173,1764984952.2065432,0.9583707451820374
test_loss,174,1764984983.1489909,0.93455970287323
test_loss,175,1764985014.1041498,0.9794766306877136
test_loss,176,1764985045.0578768,0.9512283802032471
test_loss,177,1764985076.0962977,0.9677802920341492
test_loss,178,1764985107.0600805,0.9475317001342773
test_loss,179,1764985137.9598453,0.9817860126495361
test_loss,180,1764985168.888631,0.9618337154388428
test_loss,181,1764985199.8180933,0.8800473809242249
test_loss,182,1764985230.8960428,0.8762535452842712
test_loss,183,1764985261.9141028,0.8766992092132568
test_loss,184,1764985293.0021358,0.8785481452941895
test_loss,185,1764985323.9524796,0.8758217096328735
test_loss,186,1764985354.8417995,0.8734561800956726
test_loss,187,1764985385.9172895,0.8757466673851013
test_loss,188,1764985416.8260996,0.87192302942276
test_loss,189,1764985447.9501114,0.8797780275344849
test_loss,190,1764985478.9257421,0.8772721886634827
test_loss,191,1764985509.8806982,0.870241105556488
test_loss,192,1764985540.819946,0.8791938424110413
test_loss,193,1764985571.911347,0.8749109506607056
test_loss,194,1764985602.8364086,0.874391496181488
test_loss,195,1764985633.7760034,0.8731486797332764
test_loss,196,1764985664.6710365,0.8723329305648804
test_loss,197,1764985695.5390244,0.8737669587135315
test_loss,198,1764985726.535806,0.8762528300285339
test_loss,199,1764985757.4217746,0.8766512274742126
test_loss,200,1764985788.388243,0.8823387026786804
test_loss,201,1764985819.4099524,0.8808020949363708
test_loss,202,1764985850.3108363,0.8817746043205261
test_loss,203,1764985881.2375867,0.8794050812721252
test_loss,204,1764985912.0870836,0.8814321160316467
test_loss,205,1764985943.0290544,0.8793771862983704
test_loss,206,1764985973.9453003,0.8792813420295715
test_loss,207,1764986004.8402462,0.8802434206008911
test_loss,208,1764986035.800922,0.8794870972633362
test_loss,209,1764986066.616544,0.8755388259887695
test_loss,210,1764986097.5149817,0.880761981010437
test_loss,211,1764986128.4378679,0.8789393901824951
test_loss,212,1764986159.3033867,0.8764383792877197
test_loss,213,1764986190.1899743,0.8789492845535278
test_loss,214,1764986221.0384872,0.8759810924530029
test_loss,215,1764986251.9267719,0.8764947652816772
test_loss,216,1764986282.8524702,0.8744082450866699
test_loss,217,1764986313.7639253,0.8766515254974365
test_loss,218,1764986344.726072,0.8766800165176392
test_loss,219,1764986375.682848,0.8737369179725647
test_loss,220,1764986406.6120586,0.8754733204841614
test_loss,221,1764986437.6127539,0.8773520588874817
test_loss,222,1764986468.5486534,0.8776078820228577
test_loss,223,1764986499.5135343,0.875870406627655
test_loss,224,1764986530.4178371,0.8775782585144043
test_loss,225,1764986561.3646889,0.8786723613739014
test_loss,226,1764986592.3018057,0.8806543946266174
test_loss,227,1764986623.3702223,0.8744423389434814
test_loss,228,1764986654.247578,0.8735251426696777
test_loss,229,1764986685.152237,0.8803133368492126
test_loss,230,1764986716.121393,0.8739888668060303
test_loss,231,1764986747.1071827,0.8793439269065857
test_loss,232,1764986778.0946279,0.8790898323059082
test_loss,233,1764986808.9609203,0.8762489557266235
test_loss,234,1764986839.8303676,0.8761824369430542
test_loss,235,1764986870.706372,0.8773471713066101
test_loss,236,1764986901.6771622,0.8745275139808655
test_loss,237,1764986932.625473,0.8773034811019897
test_loss,238,1764986963.5777245,0.8751147985458374
test_loss,239,1764986994.5128543,0.8738535046577454
test_loss,240,1764987025.38274,0.8836713433265686
train_acc,1,1764979626.286956,11.13599967956543
train_acc,2,1764979657.175852,21.667999267578125
train_acc,3,1764979688.0872302,30.79199981689453
train_acc,4,1764979719.0896323,38.98999786376953
train_acc,5,1764979750.012448,44.902000427246094
train_acc,6,1764979780.955407,49.53999710083008
train_acc,7,1764979812.0040898,52.801998138427734
train_acc,8,1764979842.8935056,55.6879997253418
train_acc,9,1764979873.8576925,57.4119987487793
train_acc,10,1764979904.907742,59.03199768066406
train_acc,11,1764979936.0058942,60.637996673583984
train_acc,12,1764979967.0385008,61.63399887084961
train_acc,13,1764979998.0477822,62.64999771118164
train_acc,14,1764980028.960208,63.1619987487793
train_acc,15,1764980059.917539,63.75199890136719
train_acc,16,1764980090.888118,64.11799621582031
train_acc,17,1764980121.825161,65.26799774169922
train_acc,18,1764980152.8019342,65.12200164794922
train_acc,19,1764980183.700442,65.4939956665039
train_acc,20,1764980214.5576181,65.83799743652344
train_acc,21,1764980245.5718086,66.03399658203125
train_acc,22,1764980276.5742393,66.57799530029297
train_acc,23,1764980307.5877087,66.75199890136719
train_acc,24,1764980338.6297498,66.85599517822266
train_acc,25,1764980369.6132944,66.697998046875
train_acc,26,1764980400.6085203,66.73600006103516
train_acc,27,1764980431.554237,67.19200134277344
train_acc,28,1764980462.5167334,67.4739990234375
train_acc,29,1764980493.4544938,67.7179946899414
train_acc,30,1764980524.3507793,67.94599914550781
train_acc,31,1764980555.2573402,67.86799621582031
train_acc,32,1764980586.16259,67.79000091552734
train_acc,33,1764980617.0984776,68.07799530029297
train_acc,34,1764980647.9635644,67.94999694824219
train_acc,35,1764980678.884564,68.27799987792969
train_acc,36,1764980709.8863852,68.39799499511719
train_acc,37,1764980740.849187,68.46199798583984
train_acc,38,1764980771.7529259,68.32799530029297
train_acc,39,1764980802.632144,68.5979995727539
train_acc,40,1764980833.5402308,68.6719970703125
train_acc,41,1764980864.422146,68.22799682617188
train_acc,42,1764980895.347146,68.90999603271484
train_acc,43,1764980926.233189,68.72999572753906
train_acc,44,1764980957.1892254,68.98199462890625
train_acc,45,1764980988.1118374,69.0219955444336
train_acc,46,1764981019.0139472,69.03399658203125
train_acc,47,1764981049.8955393,68.8479995727539
train_acc,48,1764981080.8262784,69.21199798583984
train_acc,49,1764981111.764484,68.7959976196289
train_acc,50,1764981142.6723607,68.81600189208984
train_acc,51,1764981173.6038728,69.22599792480469
train_acc,52,1764981204.658276,69.40399932861328
train_acc,53,1764981235.4770417,69.29000091552734
train_acc,54,1764981266.387878,69.3239974975586
train_acc,55,1764981297.2682106,69.13399505615234
train_acc,56,1764981328.1888406,69.30999755859375
train_acc,57,1764981359.1227243,69.23600006103516
train_acc,58,1764981390.0722454,69.30599975585938
train_acc,59,1764981421.0746624,69.04199981689453
train_acc,60,1764981451.9143484,69.47799682617188
train_acc,61,1764981482.8567553,69.28199768066406
train_acc,62,1764981513.8455358,69.5479965209961
train_acc,63,1764981544.7325845,69.65599822998047
train_acc,64,1764981575.6236017,69.5739974975586
train_acc,65,1764981606.5961187,69.552001953125
train_acc,66,1764981637.5257895,69.61599731445312
train_acc,67,1764981668.546511,69.5219955444336
train_acc,68,1764981699.4646294,69.75799560546875
train_acc,69,1764981730.4220395,69.78599548339844
train_acc,70,1764981761.310109,70.04199981689453
train_acc,71,1764981792.2039826,69.91799926757812
train_acc,72,1764981823.2058384,69.70399475097656
train_acc,73,1764981854.2234766,69.76200103759766
train_acc,74,1764981885.1031332,69.5739974975586
train_acc,75,1764981916.046621,69.73400115966797
train_acc,76,1764981947.0938213,69.87999725341797
train_acc,77,1764981978.1068053,69.61399841308594
train_acc,78,1764982009.0679982,69.98600006103516
train_acc,79,1764982040.028706,69.71399688720703
train_acc,80,1764982071.0534592,69.74800109863281
train_acc,81,1764982101.976873,70.00599670410156
train_acc,82,1764982132.8451183,69.58799743652344
train_acc,83,1764982163.7586994,69.87799835205078
train_acc,84,1764982194.7237642,69.89199829101562
train_acc,85,1764982225.644894,69.76399993896484
train_acc,86,1764982256.4793973,69.93000030517578
train_acc,87,1764982287.4166238,70.08599853515625
train_acc,88,1764982318.351209,70.40599822998047
train_acc,89,1764982349.2438362,69.76200103759766
train_acc,90,1764982380.1897118,70.0260009765625
train_acc,91,1764982411.0956717,70.0260009765625
train_acc,92,1764982442.028018,70.2439956665039
train_acc,93,1764982472.905716,69.947998046875
train_acc,94,1764982503.9439058,70.28399658203125
train_acc,95,1764982534.8249047,70.0719985961914
train_acc,96,1764982565.8251479,69.99199676513672
train_acc,97,1764982596.7713,70.052001953125
train_acc,98,1764982627.7715707,70.00599670410156
train_acc,99,1764982658.7235758,69.97999572753906
train_acc,100,1764982689.6652257,70.55799865722656
train_acc,101,1764982720.7249367,70.33200073242188
train_acc,102,1764982751.6567461,70.24800109863281
train_acc,103,1764982782.632682,70.26599884033203
train_acc,104,1764982813.5325727,70.052001953125
train_acc,105,1764982844.490681,70.0219955444336
train_acc,106,1764982875.4495986,70.22000122070312
train_acc,107,1764982906.3921475,70.17599487304688
train_acc,108,1764982937.2924109,70.03800201416016
train_acc,109,1764982968.3152525,69.97999572753906
train_acc,110,1764982999.2749991,70.25399780273438
train_acc,111,1764983030.1227448,70.36799621582031
train_acc,112,1764983061.1763856,69.9219970703125
train_acc,113,1764983092.1489036,70.25799560546875
train_acc,114,1764983123.1803455,70.14199829101562
train_acc,115,1764983154.098631,70.04199981689453
train_acc,116,1764983185.0492172,70.29199981689453
train_acc,117,1764983215.970788,70.26200103759766
train_acc,118,1764983246.9374835,70.17399597167969
train_acc,119,1764983278.0943692,70.28599548339844
train_acc,120,1764983309.1281798,70.68599700927734
train_acc,121,1764983340.108673,70.24199676513672
train_acc,122,1764983371.1241467,70.23400115966797
train_acc,123,1764983402.0264468,70.41199493408203
train_acc,124,1764983432.98129,70.58200073242188
train_acc,125,1764983463.9982562,70.40599822998047
train_acc,126,1764983495.0466814,70.41400146484375
train_acc,127,1764983526.028207,70.41999816894531
train_acc,128,1764983557.6895733,70.08399963378906
train_acc,129,1764983588.6640048,70.23799896240234
train_acc,130,1764983619.5275671,70.45800018310547
train_acc,131,1764983650.519072,70.3699951171875
train_acc,132,1764983681.4623294,70.50399780273438
train_acc,133,1764983712.4235895,70.61399841308594
train_acc,134,1764983743.4796174,70.30400085449219
train_acc,135,1764983774.4663389,70.21599578857422
train_acc,136,1764983805.5758367,70.17599487304688
train_acc,137,1764983836.4580681,70.61799621582031
train_acc,138,1764983867.4760878,70.6259994506836
train_acc,139,1764983898.3400743,70.2979965209961
train_acc,140,1764983929.3036911,70.48199462890625
train_acc,141,1764983960.239726,70.15599822998047
train_acc,142,1764983991.1233265,69.89599609375
train_acc,143,1764984022.140169,70.4939956665039
train_acc,144,1764984053.1394053,70.38199615478516
train_acc,145,1764984084.0945086,70.34600067138672
train_acc,146,1764984115.1845605,70.53800201416016
train_acc,147,1764984146.135705,70.3499984741211
train_acc,148,1764984177.0221717,70.36199951171875
train_acc,149,1764984208.067858,70.51599884033203
train_acc,150,1764984239.033457,70.58999633789062
train_acc,151,1764984269.8173864,78.95399475097656
train_acc,152,1764984300.897329,80.91600036621094
train_acc,153,1764984331.9312458,81.80599975585938
train_acc,154,1764984362.9500685,82.65599822998047
train_acc,155,1764984393.8956819,83.16999816894531
train_acc,156,1764984424.7912545,83.30599975585938
train_acc,157,1764984455.6888888,83.82799530029297
train_acc,158,1764984486.7749472,84.11000061035156
train_acc,159,1764984517.7305567,84.58799743652344
train_acc,160,1764984548.7177572,84.75399780273438
train_acc,161,1764984579.6872222,84.8740005493164
train_acc,162,1764984610.6932323,85.1240005493164
train_acc,163,1764984641.585597,85.21399688720703
train_acc,164,1764984672.5948772,85.2760009765625
train_acc,165,1764984703.4883397,85.47599792480469
train_acc,166,1764984734.398359,85.68799591064453
train_acc,167,1764984765.2882285,85.96199798583984
train_acc,168,1764984796.2462633,85.75599670410156
train_acc,169,1764984827.1537943,85.88199615478516
train_acc,170,1764984858.1490424,85.9219970703125
train_acc,171,1764984889.134381,85.96199798583984
train_acc,172,1764984920.0078297,86.30400085449219
train_acc,173,1764984950.9229233,86.3499984741211
train_acc,174,1764984981.8558693,86.29999542236328
train_acc,175,1764985012.8398933,86.25999450683594
train_acc,176,1764985043.7404637,86.25599670410156
train_acc,177,1764985074.7915597,86.10199737548828
train_acc,178,1764985105.7665355,86.01599884033203
train_acc,179,1764985136.7673116,86.34199523925781
train_acc,180,1764985167.6513689,86.3499984741211
train_acc,181,1764985198.581058,89.12999725341797
train_acc,182,1764985229.496236,89.66600036621094
train_acc,183,1764985260.667185,89.85599517822266
train_acc,184,1764985291.6043248,90.0979995727539
train_acc,185,1764985322.7324398,90.36599731445312
train_acc,186,1764985353.627167,90.35199737548828
train_acc,187,1764985384.5293531,90.46399688720703
train_acc,188,1764985415.571669,90.55799865722656
train_acc,189,1764985446.542072,90.61199951171875
train_acc,190,1764985477.6052995,90.65799713134766
train_acc,191,1764985508.6115801,90.73199462890625
train_acc,192,1764985539.5652955,90.7439956665039
train_acc,193,1764985570.5144079,90.83399963378906
train_acc,194,1764985601.5570583,91.01799774169922
train_acc,195,1764985632.4978287,90.95800018310547
train_acc,196,1764985663.4387777,91.16400146484375
train_acc,197,1764985694.294379,91.04000091552734
train_acc,198,1764985725.2370553,91.13399505615234
train_acc,199,1764985756.2081895,91.33200073242188
train_acc,200,1764985787.1226876,91.05400085449219
train_acc,201,1764985818.088473,91.13800048828125
train_acc,202,1764985849.0688102,91.25399780273438
train_acc,203,1764985879.9762397,91.4939956665039
train_acc,204,1764985910.8649335,91.41199493408203
train_acc,205,1764985941.7317736,91.43599700927734
train_acc,206,1764985972.651552,91.3699951171875
train_acc,207,1764986003.6116624,91.45800018310547
train_acc,208,1764986034.5531497,91.47200012207031
train_acc,209,1764986065.4269304,91.4959945678711
train_acc,210,1764986096.2752972,91.66400146484375
train_acc,211,1764986127.19323,91.8479995727539
train_acc,212,1764986158.069986,92.07799530029297
train_acc,213,1764986188.9210114,91.98799896240234
train_acc,214,1764986219.8022425,92.01200103759766
train_acc,215,1764986250.7413154,92.00799560546875
train_acc,216,1764986281.6055553,92.05400085449219
train_acc,217,1764986312.5163202,92.1240005493164
train_acc,218,1764986343.5126064,92.00599670410156
train_acc,219,1764986374.4073372,92.01799774169922
train_acc,220,1764986405.3659642,91.92399597167969
train_acc,221,1764986436.3363504,92.093994140625
train_acc,222,1764986467.3164542,91.97799682617188
train_acc,223,1764986498.2574718,92.0999984741211
train_acc,224,1764986529.1870034,92.13800048828125
train_acc,225,1764986560.1354985,92.06399536132812
train_acc,226,1764986591.0582013,91.90399932861328
train_acc,227,1764986621.9672115,92.16999816894531
train_acc,228,1764986653.0281613,92.10399627685547
train_acc,229,1764986683.9030612,91.9939956665039
train_acc,230,1764986714.8555214,92.18399810791016
train_acc,231,1764986745.8142614,92.0719985961914
train_acc,232,1764986776.7584128,92.10199737548828
train_acc,233,1764986807.7480047,92.13199615478516
train_acc,234,1764986838.614294,92.20600128173828
train_acc,235,1764986869.4836626,92.04199981689453
train_acc,236,1764986900.411287,92.22799682617188
train_acc,237,1764986931.3981404,92.19400024414062
train_acc,238,1764986962.2942917,92.07599639892578
train_acc,239,1764986993.284056,92.197998046875
train_acc,240,1764987024.1613557,92.08599853515625
train_loss,1,1764979626.28704,21.8302059173584
train_loss,2,1764979657.1759348,19.6376953125
train_loss,3,1764979688.087313,17.39704704284668
train_loss,4,1764979719.0897045,15.059611320495605
train_loss,5,1764979750.012529,13.565800666809082
train_loss,6,1764979780.9555192,12.638663291931152
train_loss,7,1764979812.0041697,11.87692928314209
train_loss,8,1764979842.893575,11.372844696044922
train_loss,9,1764979873.8577883,10.960516929626465
train_loss,10,1764979904.9078233,10.63477897644043
train_loss,11,1764979936.0059755,10.373469352722168
train_loss,12,1764979967.0385716,10.144001007080078
train_loss,13,1764979998.0478704,9.96541690826416
train_loss,14,1764980028.9602873,9.819160461425781
train_loss,15,1764980059.9176228,9.664335250854492
train_loss,16,1764980090.8881872,9.535555839538574
train_loss,17,1764980121.8252397,9.39197063446045
train_loss,18,1764980152.802014,9.309452056884766
train_loss,19,1764980183.700529,9.208939552307129
train_loss,20,1764980214.55769,9.128447532653809
train_loss,21,1764980245.571889,9.04980754852295
train_loss,22,1764980276.5743186,8.982255935668945
train_loss,23,1764980307.5877936,8.938460350036621
train_loss,24,1764980338.6298225,8.877458572387695
train_loss,25,1764980369.6133714,8.845748901367188
train_loss,26,1764980400.6085975,8.80803394317627
train_loss,27,1764980431.5543072,8.77338981628418
train_loss,28,1764980462.5168116,8.700407028198242
train_loss,29,1764980493.454572,8.66590690612793
train_loss,30,1764980524.3508584,8.63435173034668
train_loss,31,1764980555.2574122,8.596977233886719
train_loss,32,1764980586.1626756,8.587847709655762
train_loss,33,1764980617.0985641,8.551264762878418
train_loss,34,1764980647.9636445,8.542250633239746
train_loss,35,1764980678.8846326,8.512445449829102
train_loss,36,1764980709.8864899,8.46821117401123
train_loss,37,1764980740.8492715,8.464764595031738
train_loss,38,1764980771.7530046,8.43405532836914
train_loss,39,1764980802.632215,8.401497840881348
train_loss,40,1764980833.5403092,8.375978469848633
train_loss,41,1764980864.4222312,8.384892463684082
train_loss,42,1764980895.3472323,8.356407165527344
train_loss,43,1764980926.2332606,8.35274887084961
train_loss,44,1764980957.1893113,8.348812103271484
train_loss,45,1764980988.1119156,8.356793403625488
train_loss,46,1764981019.0140243,8.325465202331543
train_loss,47,1764981049.89561,8.32441234588623
train_loss,48,1764981080.8263545,8.298460006713867
train_loss,49,1764981111.7645614,8.316978454589844
train_loss,50,1764981142.672462,8.3035306930542
train_loss,51,1764981173.6039422,8.289124488830566
train_loss,52,1764981204.6583548,8.250083923339844
train_loss,53,1764981235.4771214,8.255449295043945
train_loss,54,1764981266.3879564,8.243535041809082
train_loss,55,1764981297.2682803,8.248727798461914
train_loss,56,1764981328.1889262,8.246335983276367
train_loss,57,1764981359.122804,8.237543106079102
train_loss,58,1764981390.0723147,8.217045783996582
train_loss,59,1764981421.0747423,8.230340957641602
train_loss,60,1764981451.9144602,8.203166007995605
train_loss,61,1764981482.8568323,8.20718765258789
train_loss,62,1764981513.8456051,8.1616849899292
train_loss,63,1764981544.7326663,8.178281784057617
train_loss,64,1764981575.6236818,8.173731803894043
train_loss,65,1764981606.5961986,8.191451072692871
train_loss,66,1764981637.5258605,8.156037330627441
train_loss,67,1764981668.5465899,8.184929847717285
train_loss,68,1764981699.4647164,8.14756965637207
train_loss,69,1764981730.4221177,8.152281761169434
train_loss,70,1764981761.3101792,8.121302604675293
train_loss,71,1764981792.2040713,8.099739074707031
train_loss,72,1764981823.2059252,8.12585163116455
train_loss,73,1764981854.2235727,8.102364540100098
train_loss,74,1764981885.103204,8.137406349182129
train_loss,75,1764981916.046703,8.106656074523926
train_loss,76,1764981947.0938995,8.120259284973145
train_loss,77,1764981978.106885,8.124384880065918
train_loss,78,1764982009.0680752,8.101276397705078
train_loss,79,1764982040.0287852,8.102325439453125
train_loss,80,1764982071.053539,8.108043670654297
train_loss,81,1764982101.9769518,8.0850248336792
train_loss,82,1764982132.8451865,8.095817565917969
train_loss,83,1764982163.7587793,8.08005142211914
train_loss,84,1764982194.723843,8.062612533569336
train_loss,85,1764982225.644974,8.08498764038086
train_loss,86,1764982256.4794977,8.073896408081055
train_loss,87,1764982287.4167104,8.037870407104492
train_loss,88,1764982318.3512852,8.029221534729004
train_loss,89,1764982349.2439234,8.066071510314941
train_loss,90,1764982380.189793,8.060015678405762
train_loss,91,1764982411.0957637,8.055824279785156
train_loss,92,1764982442.0280974,8.034297943115234
train_loss,93,1764982472.9057834,8.034331321716309
train_loss,94,1764982503.9439936,8.01267147064209
train_loss,95,1764982534.824981,7.997045040130615
train_loss,96,1764982565.825225,8.014747619628906
train_loss,97,1764982596.7713704,8.021025657653809
train_loss,98,1764982627.771647,8.026110649108887
train_loss,99,1764982658.7236555,8.022724151611328
train_loss,100,1764982689.6653037,7.998073101043701
train_loss,101,1764982720.7250051,8.001319885253906
train_loss,102,1764982751.6568332,8.000102996826172
train_loss,103,1764982782.6327627,7.982851505279541
train_loss,104,1764982813.5326536,7.983658790588379
train_loss,105,1764982844.4907515,8.001723289489746
train_loss,106,1764982875.4496803,8.004510879516602
train_loss,107,1764982906.3922246,8.023446083068848
train_loss,108,1764982937.2925253,8.012652397155762
train_loss,109,1764982968.3153222,8.044781684875488
train_loss,110,1764982999.275081,8.010641098022461
train_loss,111,1764983030.1228244,7.972131252288818
train_loss,112,1764983061.176506,8.010722160339355
train_loss,113,1764983092.1489727,7.9822540283203125
train_loss,114,1764983123.1804523,7.995961666107178
train_loss,115,1764983154.0987186,8.018129348754883
train_loss,116,1764983185.0493038,7.9824957847595215
train_loss,117,1764983215.9708593,7.980809688568115
train_loss,118,1764983246.9375632,8.006731033325195
train_loss,119,1764983278.0944858,7.983964443206787
train_loss,120,1764983309.12826,7.936814308166504
train_loss,121,1764983340.108754,7.98199462890625
train_loss,122,1764983371.1242323,7.9761643409729
train_loss,123,1764983402.0265257,7.949777603149414
train_loss,124,1764983432.9813607,7.936732292175293
train_loss,125,1764983463.9983337,7.954434871673584
train_loss,126,1764983495.0467591,7.938344955444336
train_loss,127,1764983526.0282927,7.942381381988525
train_loss,128,1764983557.6896396,7.949690341949463
train_loss,129,1764983588.6640844,7.968021392822266
train_loss,130,1764983619.5276468,7.939604759216309
train_loss,131,1764983650.5191529,7.940860271453857
train_loss,132,1764983681.4623973,7.939693927764893
train_loss,133,1764983712.4236796,7.932145595550537
train_loss,134,1764983743.4796975,7.936643123626709
train_loss,135,1764983774.466447,7.950371265411377
train_loss,136,1764983805.5759075,7.961994171142578
train_loss,137,1764983836.4581523,7.926925182342529
train_loss,138,1764983867.4761662,7.921969890594482
train_loss,139,1764983898.3401537,7.956086158752441
train_loss,140,1764983929.3037603,7.95100212097168
train_loss,141,1764983960.239807,7.973260879516602
train_loss,142,1764983991.123406,7.954742431640625
train_loss,143,1764984022.1402512,7.927938938140869
train_loss,144,1764984053.1398823,7.942154884338379
train_loss,145,1764984084.094593,7.923106670379639
train_loss,146,1764984115.1846387,7.91888427734375
train_loss,147,1764984146.1357882,7.943302631378174
train_loss,148,1764984177.0222397,7.94367790222168
train_loss,149,1764984208.0679348,7.923068523406982
train_loss,150,1764984239.0335438,7.940262794494629
train_loss,151,1764984269.8174806,6.810657501220703
train_loss,152,1764984300.8974123,6.2953200340271
train_loss,153,1764984331.9313266,6.056905269622803
train_loss,154,1764984362.9501479,5.914613246917725
train_loss,155,1764984393.895761,5.828893184661865
train_loss,156,1764984424.7913332,5.766917705535889
train_loss,157,1764984455.6889675,5.698238849639893
train_loss,158,1764984486.7750258,5.647398948669434
train_loss,159,1764984517.7306347,5.585301399230957
train_loss,160,1764984548.7178438,5.524731159210205
train_loss,161,1764984579.6873028,5.469582557678223
train_loss,162,1764984610.693318,5.409127235412598
train_loss,163,1764984641.5856664,5.375457286834717
train_loss,164,1764984672.5949557,5.33348274230957
train_loss,165,1764984703.488444,5.306652545928955
train_loss,166,1764984734.3984616,5.277632713317871
train_loss,167,1764984765.2883058,5.24459981918335
train_loss,168,1764984796.2463417,5.238898277282715
train_loss,169,1764984827.1538746,5.232719898223877
train_loss,170,1764984858.1491206,5.209974765777588
train_loss,171,1764984889.1344788,5.191596031188965
train_loss,172,1764984920.0079162,5.186959266662598
train_loss,173,1764984950.9230008,5.181516170501709
train_loss,174,1764984981.8559494,5.170543193817139
train_loss,175,1764985012.8399646,5.1701459884643555
train_loss,176,1764985043.740542,5.153458118438721
train_loss,177,1764985074.7916367,5.175390720367432
train_loss,178,1764985105.7666216,5.177814960479736
train_loss,179,1764985136.7673876,5.149251461029053
train_loss,180,1764985167.6514719,5.1474928855896
train_loss,181,1764985198.5811374,4.776341915130615
train_loss,182,1764985229.4963233,4.610642910003662
train_loss,183,1764985260.6672645,4.550902843475342
train_loss,184,1764985291.6044018,4.533051013946533
train_loss,185,1764985322.7325258,4.526313781738281
train_loss,186,1764985353.627243,4.528914451599121
train_loss,187,1764985384.5294867,4.520050525665283
train_loss,188,1764985415.5717573,4.493309497833252
train_loss,189,1764985446.5421574,4.4466633796691895
train_loss,190,1764985477.605369,4.385723114013672
train_loss,191,1764985508.6116712,4.334890842437744
train_loss,192,1764985539.5653758,4.313220024108887
train_loss,193,1764985570.514516,4.297173023223877
train_loss,194,1764985601.557128,4.2806715965271
train_loss,195,1764985632.4979079,4.28778076171875
train_loss,196,1764985663.4388585,4.279395580291748
train_loss,197,1764985694.2944796,4.279257297515869
train_loss,198,1764985725.2371254,4.2800397872924805
train_loss,199,1764985756.2082705,4.27069616317749
train_loss,200,1764985787.1227775,4.269585609436035
train_loss,201,1764985818.0885608,4.260849475860596
train_loss,202,1764985849.06888,4.247395038604736
train_loss,203,1764985879.9763181,4.231248378753662
train_loss,204,1764985910.8650136,4.225200653076172
train_loss,205,1764985941.7318537,4.219186782836914
train_loss,206,1764985972.6516297,4.21952486038208
train_loss,207,1764986003.6117396,4.205270767211914
train_loss,208,1764986034.553232,4.196826934814453
train_loss,209,1764986065.4270093,4.193823337554932
train_loss,210,1764986096.2753673,4.176578521728516
train_loss,211,1764986127.1933043,4.100349426269531
train_loss,212,1764986158.0700629,4.096322536468506
train_loss,213,1764986188.9210923,4.117779731750488
train_loss,214,1764986219.802323,4.144409656524658
train_loss,215,1764986250.7413952,4.171309947967529
train_loss,216,1764986281.605635,4.18987512588501
train_loss,217,1764986312.5163891,4.204919338226318
train_loss,218,1764986343.5126836,4.2067084312438965
train_loss,219,1764986374.4074135,4.207258224487305
train_loss,220,1764986405.3660424,4.193972587585449
train_loss,221,1764986436.3364558,4.181042194366455
train_loss,222,1764986467.3165321,4.163841247558594
train_loss,223,1764986498.2575514,4.147927284240723
train_loss,224,1764986529.1870816,4.146816253662109
train_loss,225,1764986560.1355891,4.152626037597656
train_loss,226,1764986591.0582864,4.168163299560547
train_loss,227,1764986621.9672906,4.183650016784668
train_loss,228,1764986653.0282393,4.201331615447998
train_loss,229,1764986683.903133,4.217222690582275
train_loss,230,1764986714.8556159,4.230498790740967
train_loss,231,1764986745.8143425,4.233055114746094
train_loss,232,1764986776.7585204,4.221035003662109
train_loss,233,1764986807.7480745,4.206352233886719
train_loss,234,1764986838.6143696,4.1853413581848145
train_loss,235,1764986869.483745,4.167499542236328
train_loss,236,1764986900.411365,4.14595365524292
train_loss,237,1764986931.398209,4.141851902008057
train_loss,238,1764986962.2943704,4.141071796417236
train_loss,239,1764986993.2841423,4.138144493103027
train_loss,240,1764987024.1614647,4.136599540710449
