tag,step,wall_time,value
test_acc,1,1762030961.91298,14.229999542236328
test_acc,2,1762030978.8368719,20.899999618530273
test_acc,3,1762030995.8500972,29.28999900817871
test_acc,4,1762031012.7361004,38.54999923706055
test_acc,5,1762031029.623269,38.939998626708984
test_acc,6,1762031046.586519,41.709999084472656
test_acc,7,1762031063.505956,37.869998931884766
test_acc,8,1762031080.43105,44.599998474121094
test_acc,9,1762031097.4126081,46.18000030517578
test_acc,10,1762031114.386029,46.2599983215332
test_acc,11,1762031131.3643794,45.529998779296875
test_acc,12,1762031148.2129214,44.61000061035156
test_acc,13,1762031165.1676016,52.0
test_acc,14,1762031182.0332854,49.75
test_acc,15,1762031198.9271045,51.30999755859375
test_acc,16,1762031215.8397963,53.48999786376953
test_acc,17,1762031232.779733,50.71999740600586
test_acc,18,1762031249.6819794,52.209999084472656
test_acc,19,1762031266.5429559,51.57999801635742
test_acc,20,1762031283.478864,54.65999984741211
test_acc,21,1762031300.3449109,48.099998474121094
test_acc,22,1762031317.1133552,50.22999954223633
test_acc,23,1762031333.9852686,52.8599967956543
test_acc,24,1762031350.837017,53.779998779296875
test_acc,25,1762031367.6546226,50.02000045776367
test_acc,26,1762031384.6141026,55.1099967956543
test_acc,27,1762031401.5389462,55.05999755859375
test_acc,28,1762031418.5197248,53.18000030517578
test_acc,29,1762031435.3890133,53.869998931884766
test_acc,30,1762031452.2914133,52.39999771118164
test_acc,31,1762031469.2096314,46.14999771118164
test_acc,32,1762031486.067876,51.68000030517578
test_acc,33,1762031502.8856122,53.529998779296875
test_acc,34,1762031519.7817497,55.119998931884766
test_acc,35,1762031536.7349253,56.52000045776367
test_acc,36,1762031553.6130123,49.03999710083008
test_acc,37,1762031570.5241492,57.04999923706055
test_acc,38,1762031587.447048,56.21999740600586
test_acc,39,1762031604.331633,54.73999786376953
test_acc,40,1762031621.250981,54.23999786376953
test_acc,41,1762031638.0867527,53.14999771118164
test_acc,42,1762031654.9954245,53.529998779296875
test_acc,43,1762031671.882046,54.5099983215332
test_acc,44,1762031689.032154,53.71999740600586
test_acc,45,1762031706.3721204,52.369998931884766
test_acc,46,1762031723.7175758,54.40999984741211
test_acc,47,1762031741.147275,52.5099983215332
test_acc,48,1762031758.5082793,56.53999710083008
test_acc,49,1762031775.4083598,51.16999816894531
test_acc,50,1762031792.3838527,52.68000030517578
test_acc,51,1762031809.2650573,56.349998474121094
test_acc,52,1762031826.198566,56.89999771118164
test_acc,53,1762031843.0573368,50.54999923706055
test_acc,54,1762031859.9744759,53.88999938964844
test_acc,55,1762031876.8830085,57.16999816894531
test_acc,56,1762031893.7931304,55.12999725341797
test_acc,57,1762031910.790505,55.349998474121094
test_acc,58,1762031927.8106189,53.849998474121094
test_acc,59,1762031944.7976046,52.1099967956543
test_acc,60,1762031961.5704713,51.5099983215332
test_acc,61,1762031978.539681,55.779998779296875
test_acc,62,1762031995.4522316,54.119998931884766
test_acc,63,1762032012.6845014,52.48999786376953
test_acc,64,1762032029.668426,55.19999694824219
test_acc,65,1762032046.632489,55.77000045776367
test_acc,66,1762032063.5210311,54.14999771118164
test_acc,67,1762032080.4541085,47.97999954223633
test_acc,68,1762032097.3908148,55.37999725341797
test_acc,69,1762032114.470479,57.75
test_acc,70,1762032131.3503616,46.56999969482422
test_acc,71,1762032148.3211577,52.529998779296875
test_acc,72,1762032165.2880177,53.369998931884766
test_acc,73,1762032182.247359,56.75
test_acc,74,1762032199.2449265,52.119998931884766
test_acc,75,1762032216.219739,55.279998779296875
test_acc,76,1762032233.1948287,54.84000015258789
test_acc,77,1762032250.1212962,57.6099967956543
test_acc,78,1762032266.9894812,53.06999969482422
test_acc,79,1762032284.0250278,54.63999938964844
test_acc,80,1762032301.1187913,56.84000015258789
test_acc,81,1762032318.033802,51.37999725341797
test_acc,82,1762032335.0089781,54.41999816894531
test_acc,83,1762032351.8710582,56.73999786376953
test_acc,84,1762032368.8158581,53.12999725341797
test_acc,85,1762032385.7159228,51.04999923706055
test_acc,86,1762032402.6723485,54.68000030517578
test_acc,87,1762032419.709165,52.75
test_acc,88,1762032436.632318,53.869998931884766
test_acc,89,1762032453.5073042,54.959999084472656
test_acc,90,1762032470.4175146,54.77000045776367
test_acc,91,1762032487.341799,54.56999969482422
test_acc,92,1762032504.2717962,52.97999954223633
test_acc,93,1762032521.1854916,55.03999710083008
test_acc,94,1762032538.0267494,55.28999710083008
test_acc,95,1762032554.9769454,56.09000015258789
test_acc,96,1762032571.9625533,52.0
test_acc,97,1762032588.8593483,53.279998779296875
test_acc,98,1762032605.8552275,55.869998931884766
test_acc,99,1762032622.8273807,51.209999084472656
test_acc,100,1762032639.7247002,55.619998931884766
test_acc,101,1762032656.6555476,51.2599983215332
test_acc,102,1762032673.4688752,53.68000030517578
test_acc,103,1762032690.318469,53.22999954223633
test_acc,104,1762032707.1851077,53.56999969482422
test_acc,105,1762032724.036531,54.029998779296875
test_acc,106,1762032740.9915285,54.279998779296875
test_acc,107,1762032757.9545755,56.40999984741211
test_acc,108,1762032774.929495,56.62999725341797
test_acc,109,1762032791.8062994,55.0
test_acc,110,1762032808.5956318,56.91999816894531
test_acc,111,1762032825.4826083,49.59000015258789
test_acc,112,1762032842.4523463,56.18000030517578
test_acc,113,1762032859.3552794,50.959999084472656
test_acc,114,1762032876.1843777,49.64999771118164
test_acc,115,1762032893.0175877,54.16999816894531
test_acc,116,1762032909.886757,51.529998779296875
test_acc,117,1762032926.798644,55.529998779296875
test_acc,118,1762032943.6811745,53.96999740600586
test_acc,119,1762032960.5657837,54.02000045776367
test_acc,120,1762032977.499673,53.23999786376953
test_acc,121,1762032994.339705,56.43000030517578
test_acc,122,1762033011.1754365,53.81999969482422
test_acc,123,1762033027.9750297,53.55999755859375
test_acc,124,1762033044.8272777,56.689998626708984
test_acc,125,1762033061.6468108,54.439998626708984
test_acc,126,1762033078.5641437,54.7599983215332
test_acc,127,1762033095.431083,53.54999923706055
test_acc,128,1762033112.280014,53.64999771118164
test_acc,129,1762033129.206649,52.0
test_acc,130,1762033146.0065463,57.29999923706055
test_acc,131,1762033163.0363884,55.7599983215332
test_acc,132,1762033179.8922727,55.39999771118164
test_acc,133,1762033196.804024,49.96999740600586
test_acc,134,1762033213.6983016,54.68000030517578
test_acc,135,1762033230.4577456,51.48999786376953
test_acc,136,1762033247.3190305,57.03999710083008
test_acc,137,1762033264.198685,52.29999923706055
test_acc,138,1762033281.004152,51.8599967956543
test_acc,139,1762033297.846773,56.18000030517578
test_acc,140,1762033314.7329836,58.05999755859375
test_acc,141,1762033331.6584241,56.68000030517578
test_acc,142,1762033348.5941365,55.209999084472656
test_acc,143,1762033365.4361713,52.6099967956543
test_acc,144,1762033382.3185287,54.55999755859375
test_acc,145,1762033399.1157799,53.6099967956543
test_acc,146,1762033416.056271,52.79999923706055
test_acc,147,1762033432.9436884,56.779998779296875
test_acc,148,1762033449.8028579,51.46999740600586
test_acc,149,1762033466.6236167,55.93000030517578
test_acc,150,1762033483.5630922,56.13999938964844
test_acc,151,1762033500.4731274,69.91999816894531
test_acc,152,1762033517.3186872,71.00999450683594
test_acc,153,1762033534.2456448,71.1199951171875
test_acc,154,1762033551.0843449,71.55999755859375
test_acc,155,1762033568.0517075,71.43000030517578
test_acc,156,1762033584.922706,72.08000183105469
test_acc,157,1762033601.8910122,71.31999969482422
test_acc,158,1762033618.6894717,71.75999450683594
test_acc,159,1762033635.508672,71.45999908447266
test_acc,160,1762033652.3123357,71.16999816894531
test_acc,161,1762033669.284027,71.47000122070312
test_acc,162,1762033686.1704214,71.25
test_acc,163,1762033703.0296078,71.05999755859375
test_acc,164,1762033719.8738165,71.52999877929688
test_acc,165,1762033736.714547,71.04999542236328
test_acc,166,1762033753.5998404,70.91999816894531
test_acc,167,1762033770.4518425,70.43999481201172
test_acc,168,1762033787.21659,70.50999450683594
test_acc,169,1762033804.132048,70.47999572753906
test_acc,170,1762033821.02847,71.04000091552734
test_acc,171,1762033837.928148,69.73999786376953
test_acc,172,1762033854.8197877,70.5999984741211
test_acc,173,1762033871.5925999,70.55999755859375
test_acc,174,1762033888.45829,70.4000015258789
test_acc,175,1762033905.374309,70.18000030517578
test_acc,176,1762033922.267268,69.79000091552734
test_acc,177,1762033939.1425078,70.31999969482422
test_acc,178,1762033956.0450456,69.56999969482422
test_acc,179,1762033972.8298264,70.0199966430664
test_acc,180,1762033989.7583222,70.0999984741211
test_acc,181,1762034006.5369806,73.69999694824219
test_acc,182,1762034023.461596,73.75999450683594
test_acc,183,1762034040.357646,73.80999755859375
test_acc,184,1762034057.2713323,73.4000015258789
test_acc,185,1762034074.1686695,73.69999694824219
test_acc,186,1762034090.9768775,73.88999938964844
test_acc,187,1762034107.8966343,73.83999633789062
test_acc,188,1762034124.709745,73.97000122070312
test_acc,189,1762034141.547116,73.68000030517578
test_acc,190,1762034158.5393453,73.58999633789062
test_acc,191,1762034175.4612536,73.6500015258789
test_acc,192,1762034192.3938177,73.77999877929688
test_acc,193,1762034209.2529573,73.50999450683594
test_acc,194,1762034226.0793662,74.08000183105469
test_acc,195,1762034242.9900289,73.8499984741211
test_acc,196,1762034259.9499533,73.77999877929688
test_acc,197,1762034276.8953424,73.6199951171875
test_acc,198,1762034293.8456836,73.79999542236328
test_acc,199,1762034310.7297218,73.55999755859375
test_acc,200,1762034327.6322742,73.62999725341797
test_acc,201,1762034344.5087073,73.48999786376953
test_acc,202,1762034361.4062283,73.54999542236328
test_acc,203,1762034378.344987,73.66999816894531
test_acc,204,1762034395.2977254,73.9000015258789
test_acc,205,1762034412.1271207,73.77999877929688
test_acc,206,1762034429.0609446,74.18999481201172
test_acc,207,1762034445.98814,73.70999908447266
test_acc,208,1762034462.9052408,73.83999633789062
test_acc,209,1762034479.7904348,73.63999938964844
test_acc,210,1762034496.6940086,73.61000061035156
test_acc,211,1762034513.5538936,74.02999877929688
test_acc,212,1762034530.3908403,73.90999603271484
test_acc,213,1762034547.252152,74.0
test_acc,214,1762034564.2732704,73.86000061035156
test_acc,215,1762034581.2218182,73.83000183105469
test_acc,216,1762034598.172684,73.83999633789062
test_acc,217,1762034615.0331087,73.79999542236328
test_acc,218,1762034631.89394,73.93000030517578
test_acc,219,1762034648.7632573,74.13999938964844
test_acc,220,1762034665.579534,73.8499984741211
test_acc,221,1762034682.4491444,73.7699966430664
test_acc,222,1762034699.3409626,73.90999603271484
test_acc,223,1762034716.226336,74.04000091552734
test_acc,224,1762034733.1448872,73.98999786376953
test_acc,225,1762034750.0505626,74.18000030517578
test_acc,226,1762034766.91593,73.81999969482422
test_acc,227,1762034783.8322794,73.88999938964844
test_acc,228,1762034800.6689281,74.13999938964844
test_acc,229,1762034817.4919143,73.95999908447266
test_acc,230,1762034834.3285847,74.04999542236328
test_acc,231,1762034851.125483,73.97999572753906
test_acc,232,1762034868.0531852,73.95999908447266
test_acc,233,1762034885.029699,73.8499984741211
test_acc,234,1762034901.9436517,73.8699951171875
test_acc,235,1762034918.8937218,74.00999450683594
test_acc,236,1762034935.7156188,74.0
test_acc,237,1762034952.5664005,74.04999542236328
test_acc,238,1762034969.3798726,73.97999572753906
test_acc,239,1762034986.1973996,73.91999816894531
test_acc,240,1762035003.1641176,73.72000122070312
test_acc_top5,1,1762030961.9132345,39.65999984741211
test_acc_top5,2,1762030978.8371212,53.0
test_acc_top5,3,1762030995.8502653,62.12999725341797
test_acc_top5,4,1762031012.7363334,72.04999542236328
test_acc_top5,5,1762031029.6234941,71.90999603271484
test_acc_top5,6,1762031046.5867724,74.12999725341797
test_acc_top5,7,1762031063.5061634,71.08000183105469
test_acc_top5,8,1762031080.4312801,77.79000091552734
test_acc_top5,9,1762031097.412805,77.73999786376953
test_acc_top5,10,1762031114.3863237,76.9000015258789
test_acc_top5,11,1762031131.3646615,75.73999786376953
test_acc_top5,12,1762031148.2131188,76.44999694824219
test_acc_top5,13,1762031165.1678238,83.02999877929688
test_acc_top5,14,1762031182.0334883,80.6199951171875
test_acc_top5,15,1762031198.9273646,80.86000061035156
test_acc_top5,16,1762031215.8400106,83.20999908447266
test_acc_top5,17,1762031232.7799478,81.29000091552734
test_acc_top5,18,1762031249.68219,82.0999984741211
test_acc_top5,19,1762031266.5431597,82.31999969482422
test_acc_top5,20,1762031283.4790704,83.79999542236328
test_acc_top5,21,1762031300.3451285,78.52999877929688
test_acc_top5,22,1762031317.1135576,81.0999984741211
test_acc_top5,23,1762031333.9855244,82.22999572753906
test_acc_top5,24,1762031350.8372443,83.16999816894531
test_acc_top5,25,1762031367.6548684,82.54999542236328
test_acc_top5,26,1762031384.6143355,82.7699966430664
test_acc_top5,27,1762031401.5392292,83.88999938964844
test_acc_top5,28,1762031418.519944,82.98999786376953
test_acc_top5,29,1762031435.3892531,83.1199951171875
test_acc_top5,30,1762031452.2916825,81.91999816894531
test_acc_top5,31,1762031469.209976,78.75
test_acc_top5,32,1762031486.0681362,81.31999969482422
test_acc_top5,33,1762031502.8858733,83.88999938964844
test_acc_top5,34,1762031519.7820039,83.73999786376953
test_acc_top5,35,1762031536.735187,84.66999816894531
test_acc_top5,36,1762031553.613261,80.5
test_acc_top5,37,1762031570.5244238,85.05999755859375
test_acc_top5,38,1762031587.4472842,84.90999603271484
test_acc_top5,39,1762031604.3318317,83.20999908447266
test_acc_top5,40,1762031621.2512395,83.98999786376953
test_acc_top5,41,1762031638.0869453,82.65999603271484
test_acc_top5,42,1762031654.9957125,82.75
test_acc_top5,43,1762031671.8822749,83.16999816894531
test_acc_top5,44,1762031689.0324194,82.54000091552734
test_acc_top5,45,1762031706.3724194,81.7699966430664
test_acc_top5,46,1762031723.7177951,83.20999908447266
test_acc_top5,47,1762031741.147536,82.07999420166016
test_acc_top5,48,1762031758.5085068,84.8699951171875
test_acc_top5,49,1762031775.4085813,80.50999450683594
test_acc_top5,50,1762031792.3841035,83.36000061035156
test_acc_top5,51,1762031809.265382,83.70999908447266
test_acc_top5,52,1762031826.1988368,85.06999969482422
test_acc_top5,53,1762031843.057545,81.02999877929688
test_acc_top5,54,1762031859.9747086,82.40999603271484
test_acc_top5,55,1762031876.8832326,84.5999984741211
test_acc_top5,56,1762031893.7933624,83.55999755859375
test_acc_top5,57,1762031910.7907124,85.15999603271484
test_acc_top5,58,1762031927.8108466,83.47999572753906
test_acc_top5,59,1762031944.7978203,81.70999908447266
test_acc_top5,60,1762031961.5706904,82.1500015258789
test_acc_top5,61,1762031978.5398982,83.4000015258789
test_acc_top5,62,1762031995.452439,83.6500015258789
test_acc_top5,63,1762032012.6847537,82.29000091552734
test_acc_top5,64,1762032029.6687057,83.8499984741211
test_acc_top5,65,1762032046.632708,85.0
test_acc_top5,66,1762032063.521296,83.61000061035156
test_acc_top5,67,1762032080.4543538,78.72000122070312
test_acc_top5,68,1762032097.391084,83.91999816894531
test_acc_top5,69,1762032114.470727,85.80999755859375
test_acc_top5,70,1762032131.3506243,77.75
test_acc_top5,71,1762032148.3213923,82.68999481201172
test_acc_top5,72,1762032165.2882664,82.15999603271484
test_acc_top5,73,1762032182.247572,85.12999725341797
test_acc_top5,74,1762032199.2451289,82.06999969482422
test_acc_top5,75,1762032216.2199318,83.83999633789062
test_acc_top5,76,1762032233.195024,83.90999603271484
test_acc_top5,77,1762032250.1215096,85.81999969482422
test_acc_top5,78,1762032266.9897306,81.6199951171875
test_acc_top5,79,1762032284.0252721,83.8499984741211
test_acc_top5,80,1762032301.1189742,85.31999969482422
test_acc_top5,81,1762032318.0340514,81.27999877929688
test_acc_top5,82,1762032335.0092416,82.56999969482422
test_acc_top5,83,1762032351.871305,85.0199966430664
test_acc_top5,84,1762032368.8160834,83.4000015258789
test_acc_top5,85,1762032385.7161214,81.93999481201172
test_acc_top5,86,1762032402.672578,82.77999877929688
test_acc_top5,87,1762032419.7094078,82.81999969482422
test_acc_top5,88,1762032436.6325266,83.43999481201172
test_acc_top5,89,1762032453.5075119,83.68000030517578
test_acc_top5,90,1762032470.417697,84.43000030517578
test_acc_top5,91,1762032487.3420026,83.77999877929688
test_acc_top5,92,1762032504.2720423,81.8699951171875
test_acc_top5,93,1762032521.1857052,83.6199951171875
test_acc_top5,94,1762032538.0269587,83.57999420166016
test_acc_top5,95,1762032554.977168,84.0
test_acc_top5,96,1762032571.9627535,82.07999420166016
test_acc_top5,97,1762032588.8595312,83.0
test_acc_top5,98,1762032605.8554313,84.41999816894531
test_acc_top5,99,1762032622.8276334,80.87999725341797
test_acc_top5,100,1762032639.724908,83.30999755859375
test_acc_top5,101,1762032656.6557515,81.43999481201172
test_acc_top5,102,1762032673.4690995,83.68000030517578
test_acc_top5,103,1762032690.318759,82.97000122070312
test_acc_top5,104,1762032707.18529,83.43000030517578
test_acc_top5,105,1762032724.0368078,83.55999755859375
test_acc_top5,106,1762032740.9917252,82.4000015258789
test_acc_top5,107,1762032757.9547758,84.75999450683594
test_acc_top5,108,1762032774.9297376,84.57999420166016
test_acc_top5,109,1762032791.8065042,83.5199966430664
test_acc_top5,110,1762032808.5958734,84.69999694824219
test_acc_top5,111,1762032825.4828265,81.47000122070312
test_acc_top5,112,1762032842.4525437,84.30999755859375
test_acc_top5,113,1762032859.3554833,81.55999755859375
test_acc_top5,114,1762032876.1846104,81.50999450683594
test_acc_top5,115,1762032893.0178323,84.05999755859375
test_acc_top5,116,1762032909.8869593,81.86000061035156
test_acc_top5,117,1762032926.7988431,83.81999969482422
test_acc_top5,118,1762032943.6814523,81.57999420166016
test_acc_top5,119,1762032960.5659971,82.2699966430664
test_acc_top5,120,1762032977.499921,82.52999877929688
test_acc_top5,121,1762032994.3399282,85.19999694824219
test_acc_top5,122,1762033011.1756363,83.12999725341797
test_acc_top5,123,1762033027.97526,79.95999908447266
test_acc_top5,124,1762033044.8274753,85.95999908447266
test_acc_top5,125,1762033061.6470337,82.38999938964844
test_acc_top5,126,1762033078.5643733,83.08999633789062
test_acc_top5,127,1762033095.4313316,82.8499984741211
test_acc_top5,128,1762033112.2802594,83.07999420166016
test_acc_top5,129,1762033129.2068977,80.94999694824219
test_acc_top5,130,1762033146.0067449,85.04000091552734
test_acc_top5,131,1762033163.036624,83.31999969482422
test_acc_top5,132,1762033179.8924615,84.16999816894531
test_acc_top5,133,1762033196.8042576,80.73999786376953
test_acc_top5,134,1762033213.698505,84.3499984741211
test_acc_top5,135,1762033230.4579234,80.0999984741211
test_acc_top5,136,1762033247.3193035,84.6500015258789
test_acc_top5,137,1762033264.198908,82.40999603271484
test_acc_top5,138,1762033281.0043888,81.90999603271484
test_acc_top5,139,1762033297.8470259,84.20999908447266
test_acc_top5,140,1762033314.733181,85.55999755859375
test_acc_top5,141,1762033331.658624,84.27999877929688
test_acc_top5,142,1762033348.5943983,84.19999694824219
test_acc_top5,143,1762033365.4364014,82.57999420166016
test_acc_top5,144,1762033382.3187318,83.68999481201172
test_acc_top5,145,1762033399.1160002,82.47999572753906
test_acc_top5,146,1762033416.0564823,82.30999755859375
test_acc_top5,147,1762033432.9439406,84.68000030517578
test_acc_top5,148,1762033449.8031023,81.68999481201172
test_acc_top5,149,1762033466.6238377,85.2699966430664
test_acc_top5,150,1762033483.5633323,84.43000030517578
test_acc_top5,151,1762033500.4734073,92.0999984741211
test_acc_top5,152,1762033517.3189108,92.33999633789062
test_acc_top5,153,1762033534.24586,92.62999725341797
test_acc_top5,154,1762033551.0845478,92.68000030517578
test_acc_top5,155,1762033568.0519767,92.50999450683594
test_acc_top5,156,1762033584.9228988,92.36000061035156
test_acc_top5,157,1762033601.8912425,92.54000091552734
test_acc_top5,158,1762033618.6896725,92.56999969482422
test_acc_top5,159,1762033635.5088887,92.55999755859375
test_acc_top5,160,1762033652.3125405,92.69999694824219
test_acc_top5,161,1762033669.284312,92.29999542236328
test_acc_top5,162,1762033686.1706707,92.32999420166016
test_acc_top5,163,1762033703.0298464,92.08999633789062
test_acc_top5,164,1762033719.8740351,92.33999633789062
test_acc_top5,165,1762033736.714838,92.04999542236328
test_acc_top5,166,1762033753.60009,91.73999786376953
test_acc_top5,167,1762033770.4520965,92.0199966430664
test_acc_top5,168,1762033787.2167995,91.87999725341797
test_acc_top5,169,1762033804.1323054,91.93000030517578
test_acc_top5,170,1762033821.0286987,92.29000091552734
test_acc_top5,171,1762033837.9284062,91.95999908447266
test_acc_top5,172,1762033854.8199885,92.00999450683594
test_acc_top5,173,1762033871.5928395,91.72999572753906
test_acc_top5,174,1762033888.4585364,92.04000091552734
test_acc_top5,175,1762033905.3745887,92.0
test_acc_top5,176,1762033922.2674804,92.04999542236328
test_acc_top5,177,1762033939.1427128,91.89999389648438
test_acc_top5,178,1762033956.0452747,91.72999572753906
test_acc_top5,179,1762033972.8300738,91.68999481201172
test_acc_top5,180,1762033989.7585628,91.50999450683594
test_acc_top5,181,1762034006.5372756,92.97000122070312
test_acc_top5,182,1762034023.4618022,93.00999450683594
test_acc_top5,183,1762034040.3578434,93.02999877929688
test_acc_top5,184,1762034057.2715626,93.14999389648438
test_acc_top5,185,1762034074.168896,92.98999786376953
test_acc_top5,186,1762034090.977121,93.0999984741211
test_acc_top5,187,1762034107.8968716,93.1199951171875
test_acc_top5,188,1762034124.7099423,93.18000030517578
test_acc_top5,189,1762034141.547365,93.20999908447266
test_acc_top5,190,1762034158.539606,93.08999633789062
test_acc_top5,191,1762034175.461455,92.97999572753906
test_acc_top5,192,1762034192.3940625,93.08999633789062
test_acc_top5,193,1762034209.25328,93.02999877929688
test_acc_top5,194,1762034226.0795956,93.20999908447266
test_acc_top5,195,1762034242.990275,93.0199966430664
test_acc_top5,196,1762034259.9502702,93.08999633789062
test_acc_top5,197,1762034276.895587,93.13999938964844
test_acc_top5,198,1762034293.8458865,93.15999603271484
test_acc_top5,199,1762034310.7299201,93.18999481201172
test_acc_top5,200,1762034327.6324918,93.20999908447266
test_acc_top5,201,1762034344.5089087,93.13999938964844
test_acc_top5,202,1762034361.4064283,93.12999725341797
test_acc_top5,203,1762034378.3452938,93.07999420166016
test_acc_top5,204,1762034395.2979138,93.16999816894531
test_acc_top5,205,1762034412.1273503,93.13999938964844
test_acc_top5,206,1762034429.0611324,93.05999755859375
test_acc_top5,207,1762034445.9884107,93.23999786376953
test_acc_top5,208,1762034462.905532,93.27999877929688
test_acc_top5,209,1762034479.7906396,92.97999572753906
test_acc_top5,210,1762034496.6942763,93.04000091552734
test_acc_top5,211,1762034513.554154,93.04000091552734
test_acc_top5,212,1762034530.3910434,93.22000122070312
test_acc_top5,213,1762034547.2524443,93.08999633789062
test_acc_top5,214,1762034564.2735186,93.16999816894531
test_acc_top5,215,1762034581.222032,93.15999603271484
test_acc_top5,216,1762034598.1728938,93.19999694824219
test_acc_top5,217,1762034615.0333784,93.08999633789062
test_acc_top5,218,1762034631.8941386,93.25999450683594
test_acc_top5,219,1762034648.7634547,93.18999481201172
test_acc_top5,220,1762034665.5797696,93.14999389648438
test_acc_top5,221,1762034682.4494648,93.20999908447266
test_acc_top5,222,1762034699.3412187,93.12999725341797
test_acc_top5,223,1762034716.2265816,93.18999481201172
test_acc_top5,224,1762034733.145097,93.14999389648438
test_acc_top5,225,1762034750.050763,93.22000122070312
test_acc_top5,226,1762034766.9161134,93.16999816894531
test_acc_top5,227,1762034783.83253,93.16999816894531
test_acc_top5,228,1762034800.669142,93.11000061035156
test_acc_top5,229,1762034817.49208,93.30999755859375
test_acc_top5,230,1762034834.3288891,93.25999450683594
test_acc_top5,231,1762034851.1257496,93.37999725341797
test_acc_top5,232,1762034868.0534635,93.20999908447266
test_acc_top5,233,1762034885.0299332,93.30999755859375
test_acc_top5,234,1762034901.94386,93.18999481201172
test_acc_top5,235,1762034918.8939574,93.06999969482422
test_acc_top5,236,1762034935.7158346,93.40999603271484
test_acc_top5,237,1762034952.5666277,93.20999908447266
test_acc_top5,238,1762034969.3801484,93.20999908447266
test_acc_top5,239,1762034986.1976104,93.1199951171875
test_acc_top5,240,1762035003.1643655,93.23999786376953
test_loss,1,1762030961.9130573,3.8876688480377197
test_loss,2,1762030978.8369498,3.647188425064087
test_loss,3,1762030995.8501706,3.1772210597991943
test_loss,4,1762031012.736167,2.6254639625549316
test_loss,5,1762031029.623335,2.8025147914886475
test_loss,6,1762031046.5865912,2.5859527587890625
test_loss,7,1762031063.506025,3.061311960220337
test_loss,8,1762031080.4311166,2.5071566104888916
test_loss,9,1762031097.412674,2.4304347038269043
test_loss,10,1762031114.3861074,2.4935433864593506
test_loss,11,1762031131.364455,2.6467037200927734
test_loss,12,1762031148.2129915,3.0663700103759766
test_loss,13,1762031165.1676772,2.1497092247009277
test_loss,14,1762031182.0333543,2.307121515274048
test_loss,15,1762031198.9271727,2.199040174484253
test_loss,16,1762031215.8398688,1.996997594833374
test_loss,17,1762031232.779806,2.2542340755462646
test_loss,18,1762031249.6820512,2.1785857677459717
test_loss,19,1762031266.5430262,2.2144107818603516
test_loss,20,1762031283.478933,1.9362465143203735
test_loss,21,1762031300.3449845,2.665306568145752
test_loss,22,1762031317.1134236,2.3379111289978027
test_loss,23,1762031333.9853468,2.140667200088501
test_loss,24,1762031350.8370855,2.0289347171783447
test_loss,25,1762031367.6546953,2.3760721683502197
test_loss,26,1762031384.6141715,2.0051565170288086
test_loss,27,1762031401.539026,2.058173894882202
test_loss,28,1762031418.5197954,2.06260347366333
test_loss,29,1762031435.3890812,2.0865373611450195
test_loss,30,1762031452.2914994,2.2053933143615723
test_loss,31,1762031469.2097301,2.7353157997131348
test_loss,32,1762031486.0679529,2.195504903793335
test_loss,33,1762031502.8856914,2.181013584136963
test_loss,34,1762031519.7818296,2.0101025104522705
test_loss,35,1762031536.7350042,1.8606160879135132
test_loss,36,1762031553.61308,2.6010830402374268
test_loss,37,1762031570.5242555,1.8649694919586182
test_loss,38,1762031587.447114,1.9595309495925903
test_loss,39,1762031604.3316987,2.139904737472534
test_loss,40,1762031621.2510545,2.0827667713165283
test_loss,41,1762031638.086819,2.264569044113159
test_loss,42,1762031654.995503,2.154611825942993
test_loss,43,1762031671.8821144,2.102412700653076
test_loss,44,1762031689.0322778,2.1062824726104736
test_loss,45,1762031706.3722205,2.261524200439453
test_loss,46,1762031723.7176483,2.173325777053833
test_loss,47,1762031741.1473515,2.3044393062591553
test_loss,48,1762031758.5083585,1.8975251913070679
test_loss,49,1762031775.40843,2.340764045715332
test_loss,50,1762031792.3839278,2.456484079360962
test_loss,51,1762031809.2651336,1.962833285331726
test_loss,52,1762031826.1986432,1.8540178537368774
test_loss,53,1762031843.0574045,2.393400192260742
test_loss,54,1762031859.974547,2.1272730827331543
test_loss,55,1762031876.8830776,1.9197758436203003
test_loss,56,1762031893.7932272,2.023773670196533
test_loss,57,1762031910.7905734,2.0241143703460693
test_loss,58,1762031927.8106916,2.1251018047332764
test_loss,59,1762031944.797676,2.2906272411346436
test_loss,60,1762031961.5705423,2.290928602218628
test_loss,61,1762031978.5397475,2.1069693565368652
test_loss,62,1762031995.452301,2.132917881011963
test_loss,63,1762032012.684601,2.146481513977051
test_loss,64,1762032029.668503,2.102139472961426
test_loss,65,1762032046.632577,1.9196076393127441
test_loss,66,1762032063.5211067,2.1042368412017822
test_loss,67,1762032080.4541771,2.778716802597046
test_loss,68,1762032097.3908947,2.081293821334839
test_loss,69,1762032114.4705544,1.8633110523223877
test_loss,70,1762032131.3504386,2.8635504245758057
test_loss,71,1762032148.3212574,2.308279514312744
test_loss,72,1762032165.2880862,2.2348053455352783
test_loss,73,1762032182.2474287,1.9211046695709229
test_loss,74,1762032199.244993,2.2804903984069824
test_loss,75,1762032216.2198064,2.07568359375
test_loss,76,1762032233.1948967,2.0842411518096924
test_loss,77,1762032250.1213672,1.8258720636367798
test_loss,78,1762032266.989556,2.1206891536712646
test_loss,79,1762032284.0250957,2.0966620445251465
test_loss,80,1762032301.1188571,1.926899790763855
test_loss,81,1762032318.0338752,2.4792680740356445
test_loss,82,1762032335.0090513,2.2157931327819824
test_loss,83,1762032351.8711293,1.9313933849334717
test_loss,84,1762032368.8159304,2.2026283740997314
test_loss,85,1762032385.715991,2.4054579734802246
test_loss,86,1762032402.6724179,2.1230149269104004
test_loss,87,1762032419.7092717,2.329620599746704
test_loss,88,1762032436.6323876,2.113086462020874
test_loss,89,1762032453.507371,2.133946418762207
test_loss,90,1762032470.4175825,2.026991367340088
test_loss,91,1762032487.3418653,2.0979981422424316
test_loss,92,1762032504.2718682,2.2339248657226562
test_loss,93,1762032521.185562,2.005157947540283
test_loss,94,1762032538.0268183,2.2069661617279053
test_loss,95,1762032554.9770172,2.064565896987915
test_loss,96,1762032571.9626224,2.2789323329925537
test_loss,97,1762032588.8594167,2.28108286857605
test_loss,98,1762032605.8552957,1.9838905334472656
test_loss,99,1762032622.82746,2.5095908641815186
test_loss,100,1762032639.7247689,2.0133559703826904
test_loss,101,1762032656.6556156,2.3816323280334473
test_loss,102,1762032673.4689524,2.0881948471069336
test_loss,103,1762032690.3185482,2.2812864780426025
test_loss,104,1762032707.1851819,2.1147522926330566
test_loss,105,1762032724.0366216,2.0756804943084717
test_loss,106,1762032740.991598,2.1063265800476074
test_loss,107,1762032757.9546428,2.0655806064605713
test_loss,108,1762032774.929566,1.977301001548767
test_loss,109,1762032791.806368,2.087864398956299
test_loss,110,1762032808.5956976,1.877463936805725
test_loss,111,1762032825.4826782,2.7154128551483154
test_loss,112,1762032842.452413,2.0404675006866455
test_loss,113,1762032859.3553443,2.376481771469116
test_loss,114,1762032876.1844456,2.7386505603790283
test_loss,115,1762032893.0176625,2.064556121826172
test_loss,116,1762032909.8868244,2.2931857109069824
test_loss,117,1762032926.7987127,2.0618255138397217
test_loss,118,1762032943.681293,2.262424945831299
test_loss,119,1762032960.5658522,2.168421506881714
test_loss,120,1762032977.4997473,2.353726863861084
test_loss,121,1762032994.339778,1.8604321479797363
test_loss,122,1762033011.1755025,2.183706760406494
test_loss,123,1762033027.9750984,2.1665353775024414
test_loss,124,1762033044.8273468,1.8506712913513184
test_loss,125,1762033061.646889,2.154527425765991
test_loss,126,1762033078.564241,2.190892457962036
test_loss,127,1762033095.4311528,2.3649814128875732
test_loss,128,1762033112.280085,2.1485438346862793
test_loss,129,1762033129.2067246,2.383272409439087
test_loss,130,1762033146.0066154,1.9555938243865967
test_loss,131,1762033163.0364592,2.0953097343444824
test_loss,132,1762033179.8923411,2.007153034210205
test_loss,133,1762033196.804096,2.4824960231781006
test_loss,134,1762033213.6983705,1.9986557960510254
test_loss,135,1762033230.457811,2.3597218990325928
test_loss,136,1762033247.3191037,1.947994351387024
test_loss,137,1762033264.1987576,2.3602521419525146
test_loss,138,1762033281.0042517,2.332399845123291
test_loss,139,1762033297.8468518,2.0286970138549805
test_loss,140,1762033314.7330475,1.827782392501831
test_loss,141,1762033331.658492,2.00356388092041
test_loss,142,1762033348.5942295,2.0555763244628906
test_loss,143,1762033365.436266,2.3334717750549316
test_loss,144,1762033382.3185964,2.2004778385162354
test_loss,145,1762033399.115851,2.2239983081817627
test_loss,146,1762033416.056338,2.2785191535949707
test_loss,147,1762033432.9437628,1.969305157661438
test_loss,148,1762033449.802934,2.433220624923706
test_loss,149,1762033466.6236925,2.055072546005249
test_loss,150,1762033483.5631595,1.9366178512573242
test_loss,151,1762033500.4732337,1.198534607887268
test_loss,152,1762033517.3187602,1.154995322227478
test_loss,153,1762033534.2457159,1.1532375812530518
test_loss,154,1762033551.0844126,1.1680105924606323
test_loss,155,1762033568.0517776,1.1617600917816162
test_loss,156,1762033584.922774,1.1356829404830933
test_loss,157,1762033601.8910835,1.173359990119934
test_loss,158,1762033618.6895423,1.145003318786621
test_loss,159,1762033635.5087423,1.1950397491455078
test_loss,160,1762033652.3124044,1.1895501613616943
test_loss,161,1762033669.2840936,1.1783066987991333
test_loss,162,1762033686.170498,1.1744002103805542
test_loss,163,1762033703.0296807,1.2192076444625854
test_loss,164,1762033719.8738937,1.1944411993026733
test_loss,165,1762033736.7146242,1.2561973333358765
test_loss,166,1762033753.5999231,1.227333664894104
test_loss,167,1762033770.4519165,1.2358661890029907
test_loss,168,1762033787.2166605,1.2543753385543823
test_loss,169,1762033804.1321192,1.2410671710968018
test_loss,170,1762033821.0285385,1.2319748401641846
test_loss,171,1762033837.9282558,1.3334728479385376
test_loss,172,1762033854.8198555,1.2379151582717896
test_loss,173,1762033871.5926735,1.2493656873703003
test_loss,174,1762033888.4583633,1.252424716949463
test_loss,175,1762033905.3743818,1.2500109672546387
test_loss,176,1762033922.2673376,1.2663739919662476
test_loss,177,1762033939.1425743,1.2491002082824707
test_loss,178,1762033956.0451128,1.3064384460449219
test_loss,179,1762033972.8299005,1.2873574495315552
test_loss,180,1762033989.7583973,1.2885980606079102
test_loss,181,1762034006.537053,1.0929582118988037
test_loss,182,1762034023.4616625,1.0925674438476562
test_loss,183,1762034040.3577116,1.0942128896713257
test_loss,184,1762034057.2714064,1.1027311086654663
test_loss,185,1762034074.1687434,1.0848737955093384
test_loss,186,1762034090.9769516,1.0792174339294434
test_loss,187,1762034107.8967092,1.0780690908432007
test_loss,188,1762034124.709811,1.084268569946289
test_loss,189,1762034141.5471816,1.0921660661697388
test_loss,190,1762034158.5394173,1.0938278436660767
test_loss,191,1762034175.4613218,1.0963448286056519
test_loss,192,1762034192.3938909,1.0884933471679688
test_loss,193,1762034209.2530372,1.0886493921279907
test_loss,194,1762034226.0794404,1.0876187086105347
test_loss,195,1762034242.9900944,1.090579628944397
test_loss,196,1762034259.9500313,1.0857394933700562
test_loss,197,1762034276.895415,1.0979516506195068
test_loss,198,1762034293.8457513,1.0867565870285034
test_loss,199,1762034310.7297873,1.103588342666626
test_loss,200,1762034327.6323464,1.0903395414352417
test_loss,201,1762034344.5087757,1.0986069440841675
test_loss,202,1762034361.406295,1.0979440212249756
test_loss,203,1762034378.3450606,1.08588707447052
test_loss,204,1762034395.2977915,1.1026325225830078
test_loss,205,1762034412.1271884,1.086623191833496
test_loss,206,1762034429.0610125,1.0801689624786377
test_loss,207,1762034445.9882364,1.0808261632919312
test_loss,208,1762034462.9053266,1.0981723070144653
test_loss,209,1762034479.7905054,1.0959254503250122
test_loss,210,1762034496.6940901,1.0918277502059937
test_loss,211,1762034513.5539677,1.0871880054473877
test_loss,212,1762034530.390909,1.0848073959350586
test_loss,213,1762034547.2522528,1.0818252563476562
test_loss,214,1762034564.273343,1.0888569355010986
test_loss,215,1762034581.221888,1.0877676010131836
test_loss,216,1762034598.1727521,1.0817368030548096
test_loss,217,1762034615.0331817,1.0981515645980835
test_loss,218,1762034631.8940058,1.0893378257751465
test_loss,219,1762034648.763323,1.0866273641586304
test_loss,220,1762034665.5796077,1.0882567167282104
test_loss,221,1762034682.449255,1.0959628820419312
test_loss,222,1762034699.3410373,1.0854648351669312
test_loss,223,1762034716.2264109,1.0822091102600098
test_loss,224,1762034733.1449544,1.0852062702178955
test_loss,225,1762034750.05063,1.0805912017822266
test_loss,226,1762034766.9159992,1.086207389831543
test_loss,227,1762034783.8323462,1.093122124671936
test_loss,228,1762034800.668998,1.0790003538131714
test_loss,229,1762034817.4920056,1.0928020477294922
test_loss,230,1762034834.3286648,1.087494134902954
test_loss,231,1762034851.1255612,1.0817281007766724
test_loss,232,1762034868.0533144,1.0830272436141968
test_loss,233,1762034885.0297859,1.0860964059829712
test_loss,234,1762034901.943722,1.0873373746871948
test_loss,235,1762034918.8937955,1.082915186882019
test_loss,236,1762034935.7156913,1.0816082954406738
test_loss,237,1762034952.5664709,1.0829871892929077
test_loss,238,1762034969.3799522,1.0862356424331665
test_loss,239,1762034986.197468,1.0823414325714111
test_loss,240,1762035003.164185,1.0892890691757202
train_acc,1,1762030960.2417324,10.323999404907227
train_acc,2,1762030977.1491492,21.437999725341797
train_acc,3,1762030994.1413586,31.001998901367188
train_acc,4,1762031010.9985974,38.30799865722656
train_acc,5,1762031027.9173927,43.2859992980957
train_acc,6,1762031044.88558,46.827999114990234
train_acc,7,1762031061.7849085,49.56599807739258
train_acc,8,1762031078.7271545,51.73999786376953
train_acc,9,1762031095.6864004,53.5359992980957
train_acc,10,1762031112.6640549,54.96399688720703
train_acc,11,1762031129.6406224,56.183998107910156
train_acc,12,1762031146.498681,57.2239990234375
train_acc,13,1762031163.4820411,57.6619987487793
train_acc,14,1762031180.3431342,58.84599685668945
train_acc,15,1762031197.2146633,59.0099983215332
train_acc,16,1762031214.0859637,59.43199920654297
train_acc,17,1762031231.0967143,60.03399658203125
train_acc,18,1762031247.9720159,60.197998046875
train_acc,19,1762031264.8728342,60.64399719238281
train_acc,20,1762031281.7547758,60.736000061035156
train_acc,21,1762031298.6504614,61.29399871826172
train_acc,22,1762031315.4173276,61.455997467041016
train_acc,23,1762031332.2902308,61.64799880981445
train_acc,24,1762031349.119987,61.84599685668945
train_acc,25,1762031365.9717667,61.715999603271484
train_acc,26,1762031382.8904715,61.77399826049805
train_acc,27,1762031399.7779644,62.189998626708984
train_acc,28,1762031416.7650971,62.20800018310547
train_acc,29,1762031433.6489458,62.33199691772461
train_acc,30,1762031450.5578668,62.507999420166016
train_acc,31,1762031467.4904087,62.64799880981445
train_acc,32,1762031484.390188,62.49199676513672
train_acc,33,1762031501.2090485,62.96399688720703
train_acc,34,1762031518.0989506,63.08199691772461
train_acc,35,1762031535.031526,62.93199920654297
train_acc,36,1762031551.8929396,63.13399887084961
train_acc,37,1762031568.8231268,63.2239990234375
train_acc,38,1762031585.7169757,63.167999267578125
train_acc,39,1762031602.6444795,63.36800003051758
train_acc,40,1762031619.537538,63.58799743652344
train_acc,41,1762031636.4048278,63.40999984741211
train_acc,42,1762031653.2487104,63.24599838256836
train_acc,43,1762031670.133344,63.28199768066406
train_acc,44,1762031687.2706668,63.551998138427734
train_acc,45,1762031704.5770905,63.54999923706055
train_acc,46,1762031721.9073184,63.795997619628906
train_acc,47,1762031739.363157,63.965999603271484
train_acc,48,1762031756.7217891,63.84599685668945
train_acc,49,1762031773.7393713,63.77799987792969
train_acc,50,1762031790.64106,63.961997985839844
train_acc,51,1762031807.543515,64.11599731445312
train_acc,52,1762031824.4978223,64.16600036621094
train_acc,53,1762031841.349166,64.01599884033203
train_acc,54,1762031858.2744033,64.22599792480469
train_acc,55,1762031875.1958938,63.8599967956543
train_acc,56,1762031892.095174,64.03800201416016
train_acc,57,1762031909.0767198,64.2179946899414
train_acc,58,1762031926.0669935,64.14199829101562
train_acc,59,1762031943.0960093,64.35199737548828
train_acc,60,1762031959.8913984,64.2959976196289
train_acc,61,1762031976.8558304,64.30999755859375
train_acc,62,1762031993.7534711,64.38999938964844
train_acc,63,1762032010.93175,64.02799987792969
train_acc,64,1762032027.9609303,64.20399475097656
train_acc,65,1762032044.9258537,64.33599853515625
train_acc,66,1762032061.8023336,64.55999755859375
train_acc,67,1762032078.7529979,64.4219970703125
train_acc,68,1762032095.6996505,64.56600189208984
train_acc,69,1762032112.5956094,64.67399597167969
train_acc,70,1762032129.6828213,64.70999908447266
train_acc,71,1762032146.6255457,64.57599639892578
train_acc,72,1762032163.5289104,64.40999603271484
train_acc,73,1762032180.5242343,64.71399688720703
train_acc,74,1762032197.5215268,64.45999908447266
train_acc,75,1762032214.497622,64.9679946899414
train_acc,76,1762032231.4666736,64.52400207519531
train_acc,77,1762032248.4145806,64.697998046875
train_acc,78,1762032265.2839446,64.53599548339844
train_acc,79,1762032282.2822497,64.83000183105469
train_acc,80,1762032299.3847814,64.87999725341797
train_acc,81,1762032316.35783,64.77999877929688
train_acc,82,1762032333.3042707,64.37799835205078
train_acc,83,1762032350.154655,64.91600036621094
train_acc,84,1762032367.1215482,65.03199768066406
train_acc,85,1762032384.0168967,64.85399627685547
train_acc,86,1762032400.9557195,64.88999938964844
train_acc,87,1762032418.0022426,64.89799499511719
train_acc,88,1762032434.9436507,64.68799591064453
train_acc,89,1762032451.8056448,64.85599517822266
train_acc,90,1762032468.7266738,64.87999725341797
train_acc,91,1762032485.6389577,65.26599884033203
train_acc,92,1762032502.5609088,64.8239974975586
train_acc,93,1762032519.484573,64.552001953125
train_acc,94,1762032536.3301647,65.01200103759766
train_acc,95,1762032553.2408302,64.81600189208984
train_acc,96,1762032570.2661126,64.96599578857422
train_acc,97,1762032587.1753066,65.15799713134766
train_acc,98,1762032604.1308992,65.05799865722656
train_acc,99,1762032621.1061294,64.72799682617188
train_acc,100,1762032637.9792914,64.81399536132812
train_acc,101,1762032654.9577024,65.11000061035156
train_acc,102,1762032671.7725217,65.1240005493164
train_acc,103,1762032688.6117582,64.98600006103516
train_acc,104,1762032705.488651,64.91999816894531
train_acc,105,1762032722.3064048,65.23199462890625
train_acc,106,1762032739.2806797,64.92599487304688
train_acc,107,1762032756.2253237,65.28599548339844
train_acc,108,1762032773.190468,65.18599700927734
train_acc,109,1762032790.117802,64.85800170898438
train_acc,110,1762032806.9123006,65.2459945678711
train_acc,111,1762032823.7799652,65.15399932861328
train_acc,112,1762032840.7209942,65.27799987792969
train_acc,113,1762032857.6638587,64.8219985961914
train_acc,114,1762032874.4687743,65.08200073242188
train_acc,115,1762032891.3170571,65.21599578857422
train_acc,116,1762032908.1819127,65.26399993896484
train_acc,117,1762032925.06165,64.91400146484375
train_acc,118,1762032941.9677236,65.42399597167969
train_acc,119,1762032958.8868997,64.9280014038086
train_acc,120,1762032975.75617,65.13800048828125
train_acc,121,1762032992.6560984,65.31600189208984
train_acc,122,1762033009.5158095,65.22799682617188
train_acc,123,1762033026.2705615,65.26599884033203
train_acc,124,1762033043.143462,65.16600036621094
train_acc,125,1762033059.9544244,65.25799560546875
train_acc,126,1762033076.8586066,65.41600036621094
train_acc,127,1762033093.720871,65.1719970703125
train_acc,128,1762033110.600079,65.43799591064453
train_acc,129,1762033127.4932652,65.1520004272461
train_acc,130,1762033144.3422134,65.3239974975586
train_acc,131,1762033161.2183852,65.2760009765625
train_acc,132,1762033178.1969082,65.34199523925781
train_acc,133,1762033195.0914688,65.53199768066406
train_acc,134,1762033212.0341477,65.33999633789062
train_acc,135,1762033228.7773206,65.47200012207031
train_acc,136,1762033245.649338,65.04199981689453
train_acc,137,1762033262.4919176,65.1240005493164
train_acc,138,1762033279.3229473,65.38399505615234
train_acc,139,1762033296.1649446,65.25199890136719
train_acc,140,1762033313.054125,65.53199768066406
train_acc,141,1762033329.9465053,65.39199829101562
train_acc,142,1762033346.8756456,65.23600006103516
train_acc,143,1762033363.7139435,65.7439956665039
train_acc,144,1762033380.6033974,65.66400146484375
train_acc,145,1762033397.4436753,65.47599792480469
train_acc,146,1762033414.3324761,65.25599670410156
train_acc,147,1762033431.23109,65.34400177001953
train_acc,148,1762033448.12051,65.25399780273438
train_acc,149,1762033464.9070506,65.33399963378906
train_acc,150,1762033481.8536756,65.56399536132812
train_acc,151,1762033498.771692,74.86399841308594
train_acc,152,1762033515.6001608,77.04199981689453
train_acc,153,1762033532.4940267,78.03599548339844
train_acc,154,1762033549.388516,78.55400085449219
train_acc,155,1762033566.3299286,79.05199432373047
train_acc,156,1762033583.2539556,79.51599884033203
train_acc,157,1762033600.1673872,79.84199523925781
train_acc,158,1762033617.0135195,80.30599975585938
train_acc,159,1762033633.8060963,80.5739974975586
train_acc,160,1762033650.6302958,80.93000030517578
train_acc,161,1762033667.533014,80.93799591064453
train_acc,162,1762033684.4871657,81.37999725341797
train_acc,163,1762033701.359158,81.23199462890625
train_acc,164,1762033718.1635725,81.53399658203125
train_acc,165,1762033734.9998474,81.69200134277344
train_acc,166,1762033751.8521874,81.75399780273438
train_acc,167,1762033768.7836967,81.8219985961914
train_acc,168,1762033785.5355823,81.93999481201172
train_acc,169,1762033802.4011283,81.93399810791016
train_acc,170,1762033819.3735912,81.95999908447266
train_acc,171,1762033836.249318,82.16799926757812
train_acc,172,1762033853.1435485,82.11000061035156
train_acc,173,1762033869.9067323,82.37799835205078
train_acc,174,1762033886.7900987,82.1199951171875
train_acc,175,1762033903.6541216,82.33999633789062
train_acc,176,1762033920.5540905,82.46199798583984
train_acc,177,1762033937.4218905,82.31999969482422
train_acc,178,1762033954.3614569,82.2760009765625
train_acc,179,1762033971.144447,82.4020004272461
train_acc,180,1762033988.0735235,82.52999877929688
train_acc,181,1762034004.879782,85.54399871826172
train_acc,182,1762034021.7699635,86.21199798583984
train_acc,183,1762034038.6759803,86.24800109863281
train_acc,184,1762034055.5598643,86.55599975585938
train_acc,185,1762034072.4492912,86.64799499511719
train_acc,186,1762034089.2837598,86.72999572753906
train_acc,187,1762034106.1962674,86.86000061035156
train_acc,188,1762034122.981823,86.9020004272461
train_acc,189,1762034139.8427317,87.197998046875
train_acc,190,1762034156.7779932,87.16799926757812
train_acc,191,1762034173.740686,87.16999816894531
train_acc,192,1762034190.6650696,87.10799407958984
train_acc,193,1762034207.5398088,87.33599853515625
train_acc,194,1762034224.375899,87.3239974975586
train_acc,195,1762034241.2509353,87.40399932861328
train_acc,196,1762034258.2153943,87.51799774169922
train_acc,197,1762034275.1835663,87.63399505615234
train_acc,198,1762034292.1570425,87.58399963378906
train_acc,199,1762034309.0290406,87.55199432373047
train_acc,200,1762034325.9414966,87.78199768066406
train_acc,201,1762034342.7846196,87.69999694824219
train_acc,202,1762034359.7177331,87.697998046875
train_acc,203,1762034376.590536,87.83799743652344
train_acc,204,1762034393.5969546,87.947998046875
train_acc,205,1762034410.4546611,87.98999786376953
train_acc,206,1762034427.3219335,87.98799896240234
train_acc,207,1762034444.3009052,88.10599517822266
train_acc,208,1762034461.1574914,88.05400085449219
train_acc,209,1762034478.0959158,87.94599914550781
train_acc,210,1762034494.9469016,88.0479965209961
train_acc,211,1762034511.8582757,88.38800048828125
train_acc,212,1762034528.6971023,88.54399871826172
train_acc,213,1762034545.5536182,88.65399932861328
train_acc,214,1762034562.5609524,88.71399688720703
train_acc,215,1762034579.5115077,88.66999816894531
train_acc,216,1762034596.4485905,88.7179946899414
train_acc,217,1762034613.3624718,88.66600036621094
train_acc,218,1762034630.176383,88.6259994506836
train_acc,219,1762034647.0646741,88.63999938964844
train_acc,220,1762034663.9119947,88.45199584960938
train_acc,221,1762034680.7635329,88.65399932861328
train_acc,222,1762034697.6439197,88.64599609375
train_acc,223,1762034714.557621,88.81800079345703
train_acc,224,1762034731.4374769,88.58200073242188
train_acc,225,1762034748.3533757,88.61000061035156
train_acc,226,1762034765.199325,88.55799865722656
train_acc,227,1762034782.1174855,88.54000091552734
train_acc,228,1762034798.9594896,88.67599487304688
train_acc,229,1762034815.8021078,88.7459945678711
train_acc,230,1762034832.6233573,88.58599853515625
train_acc,231,1762034849.4303138,88.72999572753906
train_acc,232,1762034866.3456655,88.58599853515625
train_acc,233,1762034883.284749,88.72799682617188
train_acc,234,1762034900.2033293,88.58999633789062
train_acc,235,1762034917.1526895,88.95399475097656
train_acc,236,1762034933.9891746,88.7959976196289
train_acc,237,1762034950.861544,88.66799926757812
train_acc,238,1762034967.7095733,88.89599609375
train_acc,239,1762034984.5017126,88.76599884033203
train_acc,240,1762035001.439889,89.0479965209961
train_loss,1,1762030960.2418046,8.728707313537598
train_loss,2,1762030977.1492603,7.55850887298584
train_loss,3,1762030994.1414382,6.646954536437988
train_loss,4,1762031010.998669,6.042006015777588
train_loss,5,1762031027.917472,5.603841781616211
train_loss,6,1762031044.8856535,5.28611946105957
train_loss,7,1762031061.7849822,5.0787248611450195
train_loss,8,1762031078.727255,4.879733562469482
train_loss,9,1762031095.6864755,4.723402500152588
train_loss,10,1762031112.664125,4.628584861755371
train_loss,11,1762031129.6406927,4.5370001792907715
train_loss,12,1762031146.49876,4.4430341720581055
train_loss,13,1762031163.482121,4.381339073181152
train_loss,14,1762031180.3432229,4.322970867156982
train_loss,15,1762031197.2147346,4.2657551765441895
train_loss,16,1762031214.0860395,4.224589824676514
train_loss,17,1762031231.0967846,4.180431842803955
train_loss,18,1762031247.9720933,4.162526607513428
train_loss,19,1762031264.8729067,4.145174026489258
train_loss,20,1762031281.754847,4.127094268798828
train_loss,21,1762031298.6505303,4.097328186035156
train_loss,22,1762031315.4173958,4.0735650062561035
train_loss,23,1762031332.2903018,4.031797409057617
train_loss,24,1762031349.1200566,4.020238876342773
train_loss,25,1762031365.9718432,4.036022663116455
train_loss,26,1762031382.890547,4.014403343200684
train_loss,27,1762031399.7780366,3.9918904304504395
train_loss,28,1762031416.7651663,3.98203706741333
train_loss,29,1762031433.649013,3.967114210128784
train_loss,30,1762031450.5579448,3.9780001640319824
train_loss,31,1762031467.4904866,3.9481325149536133
train_loss,32,1762031484.390298,3.9424638748168945
train_loss,33,1762031501.2091348,3.929729700088501
train_loss,34,1762031518.0990222,3.917680501937866
train_loss,35,1762031535.0315971,3.9139184951782227
train_loss,36,1762031551.8930094,3.90271258354187
train_loss,37,1762031568.8232262,3.9113757610321045
train_loss,38,1762031585.7170486,3.8982067108154297
train_loss,39,1762031602.6445515,3.870790719985962
train_loss,40,1762031619.5376158,3.88736891746521
train_loss,41,1762031636.4049067,3.8849244117736816
train_loss,42,1762031653.24878,3.9051389694213867
train_loss,43,1762031670.1334205,3.893655300140381
train_loss,44,1762031687.2707493,3.8634185791015625
train_loss,45,1762031704.577163,3.854567289352417
train_loss,46,1762031721.9073927,3.8569464683532715
train_loss,47,1762031739.3632724,3.82236385345459
train_loss,48,1762031756.7218616,3.8655080795288086
train_loss,49,1762031773.7394407,3.850933790206909
train_loss,50,1762031790.6411378,3.8311991691589355
train_loss,51,1762031807.5435889,3.8281850814819336
train_loss,52,1762031824.4978924,3.816950559616089
train_loss,53,1762031841.3494613,3.81638765335083
train_loss,54,1762031858.2744775,3.82955265045166
train_loss,55,1762031875.1959743,3.825392007827759
train_loss,56,1762031892.0952795,3.8255722522735596
train_loss,57,1762031909.0767853,3.8109655380249023
train_loss,58,1762031926.0670624,3.8055315017700195
train_loss,59,1762031943.0960824,3.8203580379486084
train_loss,60,1762031959.891478,3.7940611839294434
train_loss,61,1762031976.8559191,3.805767297744751
train_loss,62,1762031993.7535472,3.7996113300323486
train_loss,63,1762032010.9318233,3.7972395420074463
train_loss,64,1762032027.960996,3.786799907684326
train_loss,65,1762032044.9259331,3.7906808853149414
train_loss,66,1762032061.8024085,3.7869365215301514
train_loss,67,1762032078.7530687,3.78695011138916
train_loss,68,1762032095.6997206,3.777500629425049
train_loss,69,1762032112.59568,3.773897647857666
train_loss,70,1762032129.6829004,3.7799129486083984
train_loss,71,1762032146.6256144,3.774632692337036
train_loss,72,1762032163.5289812,3.784208297729492
train_loss,73,1762032180.5243106,3.7658498287200928
train_loss,74,1762032197.5215967,3.7821154594421387
train_loss,75,1762032214.4976997,3.744703531265259
train_loss,76,1762032231.4667466,3.7594833374023438
train_loss,77,1762032248.4146593,3.770703077316284
train_loss,78,1762032265.2840111,3.79156756401062
train_loss,79,1762032282.2823179,3.7447197437286377
train_loss,80,1762032299.3848588,3.7505335807800293
train_loss,81,1762032316.3579016,3.7434356212615967
train_loss,82,1762032333.3043416,3.772191047668457
train_loss,83,1762032350.1547241,3.7562379837036133
train_loss,84,1762032367.121625,3.740161418914795
train_loss,85,1762032384.0169663,3.735370397567749
train_loss,86,1762032400.9557862,3.749519109725952
train_loss,87,1762032418.0023189,3.731621265411377
train_loss,88,1762032434.9437196,3.754016637802124
train_loss,89,1762032451.8057134,3.7623636722564697
train_loss,90,1762032468.7267463,3.756906509399414
train_loss,91,1762032485.6390436,3.725148916244507
train_loss,92,1762032502.560977,3.741795063018799
train_loss,93,1762032519.4846404,3.7491958141326904
train_loss,94,1762032536.3302617,3.7441279888153076
train_loss,95,1762032553.2408998,3.748262643814087
train_loss,96,1762032570.2661815,3.758308172225952
train_loss,97,1762032587.1753829,3.7314796447753906
train_loss,98,1762032604.1309783,3.7290823459625244
train_loss,99,1762032621.106223,3.7423455715179443
train_loss,100,1762032637.9793658,3.747175931930542
train_loss,101,1762032654.9577732,3.734635591506958
train_loss,102,1762032671.7726176,3.731088161468506
train_loss,103,1762032688.6118276,3.724682569503784
train_loss,104,1762032705.488721,3.7463932037353516
train_loss,105,1762032722.3064816,3.717952251434326
train_loss,106,1762032739.2807517,3.738266706466675
train_loss,107,1762032756.2254019,3.716557025909424
train_loss,108,1762032773.19054,3.715406894683838
train_loss,109,1762032790.1178737,3.7565078735351562
train_loss,110,1762032806.9123712,3.712923049926758
train_loss,111,1762032823.7800324,3.7272651195526123
train_loss,112,1762032840.7210648,3.7146377563476562
train_loss,113,1762032857.663929,3.734360694885254
train_loss,114,1762032874.468844,3.725663185119629
train_loss,115,1762032891.31713,3.716762065887451
train_loss,116,1762032908.181981,3.721374034881592
train_loss,117,1762032925.0617185,3.732974052429199
train_loss,118,1762032941.9678006,3.7255465984344482
train_loss,119,1762032958.8869832,3.7311747074127197
train_loss,120,1762032975.7562833,3.7331647872924805
train_loss,121,1762032992.6561654,3.71682071685791
train_loss,122,1762033009.515892,3.7158567905426025
train_loss,123,1762033026.2706404,3.7221927642822266
train_loss,124,1762033043.1435316,3.7152910232543945
train_loss,125,1762033059.9545002,3.715367555618286
train_loss,126,1762033076.8586848,3.705280303955078
train_loss,127,1762033093.7209408,3.728259563446045
train_loss,128,1762033110.6001518,3.6927008628845215
train_loss,129,1762033127.4933374,3.72334361076355
train_loss,130,1762033144.3422916,3.722299098968506
train_loss,131,1762033161.2184546,3.701159715652466
train_loss,132,1762033178.1969862,3.71276593208313
train_loss,133,1762033195.0915492,3.7056214809417725
train_loss,134,1762033212.0342464,3.707256555557251
train_loss,135,1762033228.777396,3.6945719718933105
train_loss,136,1762033245.6494167,3.7063164710998535
train_loss,137,1762033262.4920037,3.717374563217163
train_loss,138,1762033279.32302,3.6964595317840576
train_loss,139,1762033296.1650176,3.7008216381073
train_loss,140,1762033313.0542264,3.714231252670288
train_loss,141,1762033329.9465828,3.704453945159912
train_loss,142,1762033346.875719,3.707226514816284
train_loss,143,1762033363.7140121,3.6977591514587402
train_loss,144,1762033380.603467,3.718075752258301
train_loss,145,1762033397.4437635,3.697808265686035
train_loss,146,1762033414.3325653,3.7083685398101807
train_loss,147,1762033431.2311618,3.6771810054779053
train_loss,148,1762033448.120606,3.713674783706665
train_loss,149,1762033464.9071226,3.672210931777954
train_loss,150,1762033481.8537483,3.6866581439971924
train_loss,151,1762033498.7717717,2.8983306884765625
train_loss,152,1762033515.6002564,2.660994052886963
train_loss,153,1762033532.494099,2.5859177112579346
train_loss,154,1762033549.3885925,2.5383262634277344
train_loss,155,1762033566.3300052,2.4857890605926514
train_loss,156,1762033583.2540221,2.461885690689087
train_loss,157,1762033600.1674597,2.422172784805298
train_loss,158,1762033617.0135977,2.411879539489746
train_loss,159,1762033633.8061705,2.375692844390869
train_loss,160,1762033650.630365,2.3553903102874756
train_loss,161,1762033667.5330951,2.348339557647705
train_loss,162,1762033684.4872594,2.3271491527557373
train_loss,163,1762033701.3592575,2.3297128677368164
train_loss,164,1762033718.1636448,2.313577890396118
train_loss,165,1762033734.9999175,2.303752899169922
train_loss,166,1762033751.8522854,2.305187702178955
train_loss,167,1762033768.7837696,2.296449661254883
train_loss,168,1762033785.5356522,2.2914936542510986
train_loss,169,1762033802.4012365,2.292475461959839
train_loss,170,1762033819.3736658,2.279116153717041
train_loss,171,1762033836.2493918,2.277752637863159
train_loss,172,1762033853.1436272,2.267690420150757
train_loss,173,1762033869.9068053,2.2629475593566895
train_loss,174,1762033886.7901757,2.267383098602295
train_loss,175,1762033903.6546862,2.2821269035339355
train_loss,176,1762033920.5541623,2.264310121536255
train_loss,177,1762033937.421961,2.2620391845703125
train_loss,178,1762033954.3615284,2.271435499191284
train_loss,179,1762033971.1445262,2.266831874847412
train_loss,180,1762033988.0735927,2.269420862197876
train_loss,181,1762034004.879854,2.010006904602051
train_loss,182,1762034021.770044,1.941433072090149
train_loss,183,1762034038.67605,1.919008731842041
train_loss,184,1762034055.5599365,1.9132791757583618
train_loss,185,1762034072.4493575,1.882541298866272
train_loss,186,1762034089.2838306,1.8858505487442017
train_loss,187,1762034106.1963363,1.8760778903961182
train_loss,188,1762034122.9818997,1.8775256872177124
train_loss,189,1762034139.8428106,1.8659167289733887
train_loss,190,1762034156.7780669,1.8662859201431274
train_loss,191,1762034173.740758,1.8565417528152466
train_loss,192,1762034190.6651416,1.8527060747146606
train_loss,193,1762034207.5398889,1.8446506261825562
train_loss,194,1762034224.3759737,1.8360142707824707
train_loss,195,1762034241.2510118,1.8315600156784058
train_loss,196,1762034258.2154672,1.8360769748687744
train_loss,197,1762034275.1836529,1.8328135013580322
train_loss,198,1762034292.1571126,1.8261404037475586
train_loss,199,1762034309.0291128,1.8264360427856445
train_loss,200,1762034325.941594,1.8209612369537354
train_loss,201,1762034342.7846935,1.8208445310592651
train_loss,202,1762034359.7178068,1.8099242448806763
train_loss,203,1762034376.5906177,1.8151911497116089
train_loss,204,1762034393.597034,1.8091270923614502
train_loss,205,1762034410.4547398,1.8028720617294312
train_loss,206,1762034427.322005,1.8017562627792358
train_loss,207,1762034444.3009787,1.7958496809005737
train_loss,208,1762034461.1575634,1.7880316972732544
train_loss,209,1762034478.095986,1.789255976676941
train_loss,210,1762034494.9469786,1.79010808467865
train_loss,211,1762034511.8583472,1.7625796794891357
train_loss,212,1762034528.6971827,1.7541656494140625
train_loss,213,1762034545.5536864,1.7475740909576416
train_loss,214,1762034562.5610304,1.7423666715621948
train_loss,215,1762034579.5115783,1.7437223196029663
train_loss,216,1762034596.448659,1.7438888549804688
train_loss,217,1762034613.36255,1.751668095588684
train_loss,218,1762034630.1764529,1.7570066452026367
train_loss,219,1762034647.0647435,1.7512767314910889
train_loss,220,1762034663.9120617,1.7424476146697998
train_loss,221,1762034680.7636108,1.7362414598464966
train_loss,222,1762034697.6439908,1.741760492324829
train_loss,223,1762034714.5576916,1.7305290699005127
train_loss,224,1762034731.4375463,1.7423399686813354
train_loss,225,1762034748.3534439,1.7455639839172363
train_loss,226,1762034765.1994069,1.7373120784759521
train_loss,227,1762034782.1175585,1.7416671514511108
train_loss,228,1762034798.9595664,1.734123945236206
train_loss,229,1762034815.8021796,1.7387534379959106
train_loss,230,1762034832.6234293,1.7450393438339233
train_loss,231,1762034849.4303858,1.7534860372543335
train_loss,232,1762034866.3457437,1.7327302694320679
train_loss,233,1762034883.2848222,1.734999418258667
train_loss,234,1762034900.2034023,1.738269329071045
train_loss,235,1762034917.152768,1.7305880784988403
train_loss,236,1762034933.9892738,1.7368251085281372
train_loss,237,1762034950.8616138,1.7369858026504517
train_loss,238,1762034967.7096443,1.7349562644958496
train_loss,239,1762034984.5017893,1.7356550693511963
train_loss,240,1762035001.4399579,1.7379072904586792
